2025-04-08 00:59:22,121 INFO  Logger.cs: 70 - 
--------------------------------------------------------------------------------
2025-04-08 00:59:22,194 INFO  Logger.cs: 71 - Logging commencing for SW2URDF exporter
2025-04-08 00:59:22,195 INFO  Logger.cs: 73 - Commit version 1.6.0-4-g7f85cfe
2025-04-08 00:59:22,195 INFO  Logger.cs: 74 - Build version 1.6.7995.38578
2025-04-08 00:59:22,217 INFO  SwAddin.cs: 192 - Attempting to connect to SW
2025-04-08 00:59:22,218 INFO  SwAddin.cs: 197 - Setting up callbacks
2025-04-08 00:59:22,218 INFO  SwAddin.cs: 201 - Setting up command manager
2025-04-08 00:59:22,219 INFO  SwAddin.cs: 204 - Adding command manager
2025-04-08 00:59:22,234 INFO  SwAddin.cs: 263 - Adding Assembly export to file menu
2025-04-08 00:59:22,236 INFO  SwAddin.cs: 272 - Adding Part export to file menu
2025-04-08 00:59:22,236 INFO  SwAddin.cs: 210 - Adding event handlers
2025-04-08 00:59:22,423 INFO  SwAddin.cs: 217 - Connecting plugin to SolidWorks
2025-04-08 01:55:37,338 INFO  SwAddin.cs: 294 - Assembly export called for file Assem1.STEP
2025-04-08 01:55:37,352 INFO  SwAddin.cs: 299 - Save is required
2025-04-08 01:55:37,353 INFO  SwAddin.cs: 313 - Saving assembly
2025-04-08 01:55:37,941 INFO  SwAddin.cs: 316 - Opening property manager
2025-04-08 01:55:37,963 INFO  ExportHelperExtension.cs: 1125 - Retrieving features of type [CoordSys] from Assem1.STEP
2025-04-08 01:55:37,985 INFO  ExportHelperExtension.cs: 1136 - Found 134 in Assem1.STEP
2025-04-08 01:55:37,985 INFO  ExportHelperExtension.cs: 1145 - Found 1 features of type [CoordSys] in Assem1.STEP
2025-04-08 01:55:37,986 INFO  ExportHelperExtension.cs: 1148 - Proceeding through assembly components
2025-04-08 01:55:37,987 INFO  ExportHelperExtension.cs: 1160 - 106 components to check
2025-04-08 01:55:37,988 INFO  ExportHelperExtension.cs: 1125 - Retrieving features of type [CoordSys] from moving platten.STEP-1
2025-04-08 01:55:37,989 INFO  ExportHelperExtension.cs: 1136 - Found 24 in moving platten.STEP-1
2025-04-08 01:55:37,989 INFO  ExportHelperExtension.cs: 1145 - Found 0 features of type [CoordSys] in moving platten.STEP-1
2025-04-08 01:55:37,989 INFO  ExportHelperExtension.cs: 1125 - Retrieving features of type [CoordSys] from fixed back^Assem1.STEP-1
2025-04-08 01:55:37,989 INFO  ExportHelperExtension.cs: 1136 - Found 28 in fixed back^Assem1.STEP-1
2025-04-08 01:55:37,990 INFO  ExportHelperExtension.cs: 1145 - Found 0 features of type [CoordSys] in fixed back^Assem1.STEP-1
2025-04-08 01:55:37,990 INFO  ExportHelperExtension.cs: 1125 - Retrieving features of type [CoordSys] from frame^Assem1.STEP-1
2025-04-08 01:55:37,990 INFO  ExportHelperExtension.cs: 1136 - Found 126 in frame^Assem1.STEP-1
2025-04-08 01:55:37,991 INFO  ExportHelperExtension.cs: 1145 - Found 0 features of type [CoordSys] in frame^Assem1.STEP-1
2025-04-08 01:55:37,991 INFO  ExportHelperExtension.cs: 1125 - Retrieving features of type [CoordSys] from DOOR^Assem1.STEP-1
2025-04-08 01:55:37,992 INFO  ExportHelperExtension.cs: 1136 - Found 25 in DOOR^Assem1.STEP-1
2025-04-08 01:55:37,992 INFO  ExportHelperExtension.cs: 1145 - Found 0 features of type [CoordSys] in DOOR^Assem1.STEP-1
2025-04-08 01:55:38,002 INFO  ExportHelperExtension.cs: 1125 - Retrieving features of type [CoordSys] from fixed platten^Assem1.STEP-1
2025-04-08 01:55:38,025 INFO  ExportHelperExtension.cs: 1136 - Found 28 in fixed platten^Assem1.STEP-1
2025-04-08 01:55:38,026 INFO  ExportHelperExtension.cs: 1145 - Found 0 features of type [CoordSys] in fixed platten^Assem1.STEP-1
2025-04-08 01:55:38,026 INFO  ExportHelperExtension.cs: 1125 - Retrieving features of type [CoordSys] from SPRUE BUSH^Assem1.STEP-1
2025-04-08 01:55:38,027 INFO  ExportHelperExtension.cs: 1136 - Found 24 in SPRUE BUSH^Assem1.STEP-1
2025-04-08 01:55:38,027 INFO  ExportHelperExtension.cs: 1145 - Found 0 features of type [CoordSys] in SPRUE BUSH^Assem1.STEP-1
2025-04-08 01:55:38,027 INFO  ExportHelperExtension.cs: 1125 - Retrieving features of type [CoordSys] from DOOR^Assem1.STEP-2
2025-04-08 01:55:38,027 INFO  ExportHelperExtension.cs: 1136 - Found 25 in DOOR^Assem1.STEP-2
2025-04-08 01:55:38,028 INFO  ExportHelperExtension.cs: 1145 - Found 0 features of type [CoordSys] in DOOR^Assem1.STEP-2
2025-04-08 01:55:38,028 INFO  ExportHelperExtension.cs: 1125 - Retrieving features of type [CoordSys] from CAM^Assem1.STEP-1
2025-04-08 01:55:38,028 INFO  ExportHelperExtension.cs: 1136 - Found 24 in CAM^Assem1.STEP-1
2025-04-08 01:55:38,028 INFO  ExportHelperExtension.cs: 1145 - Found 0 features of type [CoordSys] in CAM^Assem1.STEP-1
2025-04-08 01:55:38,029 INFO  ExportHelperExtension.cs: 1125 - Retrieving features of type [CoordSys] from GUIDE PILLER^Assem1.STEP-2
2025-04-08 01:55:38,029 INFO  ExportHelperExtension.cs: 1136 - Found 24 in GUIDE PILLER^Assem1.STEP-2
2025-04-08 01:55:38,029 INFO  ExportHelperExtension.cs: 1145 - Found 0 features of type [CoordSys] in GUIDE PILLER^Assem1.STEP-2
2025-04-08 01:55:38,029 INFO  ExportHelperExtension.cs: 1125 - Retrieving features of type [CoordSys] from CAM HOLDER^Assem1.STEP-2
2025-04-08 01:55:38,030 INFO  ExportHelperExtension.cs: 1136 - Found 24 in CAM HOLDER^Assem1.STEP-2
2025-04-08 01:55:38,030 INFO  ExportHelperExtension.cs: 1145 - Found 0 features of type [CoordSys] in CAM HOLDER^Assem1.STEP-2
2025-04-08 01:55:38,030 INFO  ExportHelperExtension.cs: 1125 - Retrieving features of type [CoordSys] from TOP PLATE^Assem1.STEP-1
2025-04-08 01:55:38,030 INFO  ExportHelperExtension.cs: 1136 - Found 24 in TOP PLATE^Assem1.STEP-1
2025-04-08 01:55:38,031 INFO  ExportHelperExtension.cs: 1145 - Found 0 features of type [CoordSys] in TOP PLATE^Assem1.STEP-1
2025-04-08 01:55:38,031 INFO  ExportHelperExtension.cs: 1125 - Retrieving features of type [CoordSys] from GUIDE PILLER^Assem1.STEP-1
2025-04-08 01:55:38,031 INFO  ExportHelperExtension.cs: 1136 - Found 24 in GUIDE PILLER^Assem1.STEP-1
2025-04-08 01:55:38,031 INFO  ExportHelperExtension.cs: 1145 - Found 0 features of type [CoordSys] in GUIDE PILLER^Assem1.STEP-1
2025-04-08 01:55:38,032 INFO  ExportHelperExtension.cs: 1125 - Retrieving features of type [CoordSys] from CAM HOLDER^Assem1.STEP-8
2025-04-08 01:55:38,032 INFO  ExportHelperExtension.cs: 1136 - Found 24 in CAM HOLDER^Assem1.STEP-8
2025-04-08 01:55:38,032 INFO  ExportHelperExtension.cs: 1145 - Found 0 features of type [CoordSys] in CAM HOLDER^Assem1.STEP-8
2025-04-08 01:55:38,032 INFO  ExportHelperExtension.cs: 1125 - Retrieving features of type [CoordSys] from CAM HOLDER^Assem1.STEP-4
2025-04-08 01:55:38,033 INFO  ExportHelperExtension.cs: 1136 - Found 24 in CAM HOLDER^Assem1.STEP-4
2025-04-08 01:55:38,033 INFO  ExportHelperExtension.cs: 1145 - Found 0 features of type [CoordSys] in CAM HOLDER^Assem1.STEP-4
2025-04-08 01:55:38,033 INFO  ExportHelperExtension.cs: 1125 - Retrieving features of type [CoordSys] from CAM HOLDER^Assem1.STEP-1
2025-04-08 01:55:38,033 INFO  ExportHelperExtension.cs: 1136 - Found 24 in CAM HOLDER^Assem1.STEP-1
2025-04-08 01:55:38,034 INFO  ExportHelperExtension.cs: 1145 - Found 0 features of type [CoordSys] in CAM HOLDER^Assem1.STEP-1
2025-04-08 01:55:38,034 INFO  ExportHelperExtension.cs: 1125 - Retrieving features of type [CoordSys] from GUIDE PILLER^Assem1.STEP-3
2025-04-08 01:55:38,034 INFO  ExportHelperExtension.cs: 1136 - Found 24 in GUIDE PILLER^Assem1.STEP-3
2025-04-08 01:55:38,034 INFO  ExportHelperExtension.cs: 1145 - Found 0 features of type [CoordSys] in GUIDE PILLER^Assem1.STEP-3
2025-04-08 01:55:38,034 INFO  ExportHelperExtension.cs: 1125 - Retrieving features of type [CoordSys] from LOCATING RING^Assem1.STEP-1
2025-04-08 01:55:38,035 INFO  ExportHelperExtension.cs: 1136 - Found 24 in LOCATING RING^Assem1.STEP-1
2025-04-08 01:55:38,035 INFO  ExportHelperExtension.cs: 1145 - Found 0 features of type [CoordSys] in LOCATING RING^Assem1.STEP-1
2025-04-08 01:55:38,035 INFO  ExportHelperExtension.cs: 1125 - Retrieving features of type [CoordSys] from GUIDE PILLER^Assem1.STEP-4
2025-04-08 01:55:38,036 INFO  ExportHelperExtension.cs: 1136 - Found 24 in GUIDE PILLER^Assem1.STEP-4
2025-04-08 01:55:38,036 INFO  ExportHelperExtension.cs: 1145 - Found 0 features of type [CoordSys] in GUIDE PILLER^Assem1.STEP-4
2025-04-08 01:55:38,036 INFO  ExportHelperExtension.cs: 1125 - Retrieving features of type [CoordSys] from CAM HOLDER^Assem1.STEP-5
2025-04-08 01:55:38,037 INFO  ExportHelperExtension.cs: 1136 - Found 24 in CAM HOLDER^Assem1.STEP-5
2025-04-08 01:55:38,037 INFO  ExportHelperExtension.cs: 1145 - Found 0 features of type [CoordSys] in CAM HOLDER^Assem1.STEP-5
2025-04-08 01:55:38,037 INFO  ExportHelperExtension.cs: 1125 - Retrieving features of type [CoordSys] from CAVITY PLATE^Assem1.STEP-1
2025-04-08 01:55:38,038 INFO  ExportHelperExtension.cs: 1136 - Found 24 in CAVITY PLATE^Assem1.STEP-1
2025-04-08 01:55:38,038 INFO  ExportHelperExtension.cs: 1145 - Found 0 features of type [CoordSys] in CAVITY PLATE^Assem1.STEP-1
2025-04-08 01:55:38,038 INFO  ExportHelperExtension.cs: 1125 - Retrieving features of type [CoordSys] from CAM HOLDER^Assem1.STEP-7
2025-04-08 01:55:38,039 INFO  ExportHelperExtension.cs: 1136 - Found 24 in CAM HOLDER^Assem1.STEP-7
2025-04-08 01:55:38,039 INFO  ExportHelperExtension.cs: 1145 - Found 0 features of type [CoordSys] in CAM HOLDER^Assem1.STEP-7
2025-04-08 01:55:38,039 INFO  ExportHelperExtension.cs: 1125 - Retrieving features of type [CoordSys] from CAM HOLDER^Assem1.STEP-3
2025-04-08 01:55:38,039 INFO  ExportHelperExtension.cs: 1136 - Found 24 in CAM HOLDER^Assem1.STEP-3
2025-04-08 01:55:38,040 INFO  ExportHelperExtension.cs: 1145 - Found 0 features of type [CoordSys] in CAM HOLDER^Assem1.STEP-3
2025-04-08 01:55:38,040 INFO  ExportHelperExtension.cs: 1125 - Retrieving features of type [CoordSys] from CAM^Assem1.STEP-6
2025-04-08 01:55:38,040 INFO  ExportHelperExtension.cs: 1136 - Found 24 in CAM^Assem1.STEP-6
2025-04-08 01:55:38,040 INFO  ExportHelperExtension.cs: 1145 - Found 0 features of type [CoordSys] in CAM^Assem1.STEP-6
2025-04-08 01:55:38,041 INFO  ExportHelperExtension.cs: 1125 - Retrieving features of type [CoordSys] from CAM HOLDER^Assem1.STEP-6
2025-04-08 01:55:38,041 INFO  ExportHelperExtension.cs: 1136 - Found 24 in CAM HOLDER^Assem1.STEP-6
2025-04-08 01:55:38,041 INFO  ExportHelperExtension.cs: 1145 - Found 0 features of type [CoordSys] in CAM HOLDER^Assem1.STEP-6
2025-04-08 01:55:38,041 INFO  ExportHelperExtension.cs: 1125 - Retrieving features of type [CoordSys] from CAM^Assem1.STEP-7
2025-04-08 01:55:38,042 INFO  ExportHelperExtension.cs: 1136 - Found 24 in CAM^Assem1.STEP-7
2025-04-08 01:55:38,042 INFO  ExportHelperExtension.cs: 1145 - Found 0 features of type [CoordSys] in CAM^Assem1.STEP-7
2025-04-08 01:55:38,042 INFO  ExportHelperExtension.cs: 1125 - Retrieving features of type [CoordSys] from CAM^Assem1.STEP-4
2025-04-08 01:55:38,042 INFO  ExportHelperExtension.cs: 1136 - Found 24 in CAM^Assem1.STEP-4
2025-04-08 01:55:38,043 INFO  ExportHelperExtension.cs: 1145 - Found 0 features of type [CoordSys] in CAM^Assem1.STEP-4
2025-04-08 01:55:38,043 INFO  ExportHelperExtension.cs: 1125 - Retrieving features of type [CoordSys] from CAM^Assem1.STEP-2
2025-04-08 01:55:38,043 INFO  ExportHelperExtension.cs: 1136 - Found 24 in CAM^Assem1.STEP-2
2025-04-08 01:55:38,043 INFO  ExportHelperExtension.cs: 1145 - Found 0 features of type [CoordSys] in CAM^Assem1.STEP-2
2025-04-08 01:55:38,043 INFO  ExportHelperExtension.cs: 1125 - Retrieving features of type [CoordSys] from CAM^Assem1.STEP-5
2025-04-08 01:55:38,044 INFO  ExportHelperExtension.cs: 1136 - Found 24 in CAM^Assem1.STEP-5
2025-04-08 01:55:38,044 INFO  ExportHelperExtension.cs: 1145 - Found 0 features of type [CoordSys] in CAM^Assem1.STEP-5
2025-04-08 01:55:38,044 INFO  ExportHelperExtension.cs: 1125 - Retrieving features of type [CoordSys] from WEDGE BLOCK^Assem1.STEP-3
2025-04-08 01:55:38,045 INFO  ExportHelperExtension.cs: 1136 - Found 24 in WEDGE BLOCK^Assem1.STEP-3
2025-04-08 01:55:38,045 INFO  ExportHelperExtension.cs: 1145 - Found 0 features of type [CoordSys] in WEDGE BLOCK^Assem1.STEP-3
2025-04-08 01:55:38,045 INFO  ExportHelperExtension.cs: 1125 - Retrieving features of type [CoordSys] from WEDGE BLOCK PLATE^Assem1.STEP-2
2025-04-08 01:55:38,045 INFO  ExportHelperExtension.cs: 1136 - Found 24 in WEDGE BLOCK PLATE^Assem1.STEP-2
2025-04-08 01:55:38,046 INFO  ExportHelperExtension.cs: 1145 - Found 0 features of type [CoordSys] in WEDGE BLOCK PLATE^Assem1.STEP-2
2025-04-08 01:55:38,046 INFO  ExportHelperExtension.cs: 1125 - Retrieving features of type [CoordSys] from WEDGE BLOCK PLATE^Assem1.STEP-4
2025-04-08 01:55:38,046 INFO  ExportHelperExtension.cs: 1136 - Found 24 in WEDGE BLOCK PLATE^Assem1.STEP-4
2025-04-08 01:55:38,047 INFO  ExportHelperExtension.cs: 1145 - Found 0 features of type [CoordSys] in WEDGE BLOCK PLATE^Assem1.STEP-4
2025-04-08 01:55:38,047 INFO  ExportHelperExtension.cs: 1125 - Retrieving features of type [CoordSys] from GUIDE BUSH^Assem1.STEP-2
2025-04-08 01:55:38,047 INFO  ExportHelperExtension.cs: 1136 - Found 24 in GUIDE BUSH^Assem1.STEP-2
2025-04-08 01:55:38,047 INFO  ExportHelperExtension.cs: 1145 - Found 0 features of type [CoordSys] in GUIDE BUSH^Assem1.STEP-2
2025-04-08 01:55:38,048 INFO  ExportHelperExtension.cs: 1125 - Retrieving features of type [CoordSys] from GUIDE BUSH^Assem1.STEP-4
2025-04-08 01:55:38,048 INFO  ExportHelperExtension.cs: 1136 - Found 24 in GUIDE BUSH^Assem1.STEP-4
2025-04-08 01:55:38,048 INFO  ExportHelperExtension.cs: 1145 - Found 0 features of type [CoordSys] in GUIDE BUSH^Assem1.STEP-4
2025-04-08 01:55:38,049 INFO  ExportHelperExtension.cs: 1125 - Retrieving features of type [CoordSys] from CAM^Assem1.STEP-3
2025-04-08 01:55:38,049 INFO  ExportHelperExtension.cs: 1136 - Found 24 in CAM^Assem1.STEP-3
2025-04-08 01:55:38,049 INFO  ExportHelperExtension.cs: 1145 - Found 0 features of type [CoordSys] in CAM^Assem1.STEP-3
2025-04-08 01:55:38,049 INFO  ExportHelperExtension.cs: 1125 - Retrieving features of type [CoordSys] from CAM^Assem1.STEP-8
2025-04-08 01:55:38,050 INFO  ExportHelperExtension.cs: 1136 - Found 24 in CAM^Assem1.STEP-8
2025-04-08 01:55:38,050 INFO  ExportHelperExtension.cs: 1145 - Found 0 features of type [CoordSys] in CAM^Assem1.STEP-8
2025-04-08 01:55:38,050 INFO  ExportHelperExtension.cs: 1125 - Retrieving features of type [CoordSys] from WEDGE BLOCK^Assem1.STEP-1
2025-04-08 01:55:38,050 INFO  ExportHelperExtension.cs: 1136 - Found 24 in WEDGE BLOCK^Assem1.STEP-1
2025-04-08 01:55:38,051 INFO  ExportHelperExtension.cs: 1145 - Found 0 features of type [CoordSys] in WEDGE BLOCK^Assem1.STEP-1
2025-04-08 01:55:38,051 INFO  ExportHelperExtension.cs: 1125 - Retrieving features of type [CoordSys] from WEDGE BLOCK PLATE^Assem1.STEP-1
2025-04-08 01:55:38,051 INFO  ExportHelperExtension.cs: 1136 - Found 24 in WEDGE BLOCK PLATE^Assem1.STEP-1
2025-04-08 01:55:38,051 INFO  ExportHelperExtension.cs: 1145 - Found 0 features of type [CoordSys] in WEDGE BLOCK PLATE^Assem1.STEP-1
2025-04-08 01:55:38,052 INFO  ExportHelperExtension.cs: 1125 - Retrieving features of type [CoordSys] from WEDGE BLOCK^Assem1.STEP-2
2025-04-08 01:55:38,052 INFO  ExportHelperExtension.cs: 1136 - Found 24 in WEDGE BLOCK^Assem1.STEP-2
2025-04-08 01:55:38,052 INFO  ExportHelperExtension.cs: 1145 - Found 0 features of type [CoordSys] in WEDGE BLOCK^Assem1.STEP-2
2025-04-08 01:55:38,052 INFO  ExportHelperExtension.cs: 1125 - Retrieving features of type [CoordSys] from WEDGE BLOCK^Assem1.STEP-4
2025-04-08 01:55:38,052 INFO  ExportHelperExtension.cs: 1136 - Found 24 in WEDGE BLOCK^Assem1.STEP-4
2025-04-08 01:55:38,053 INFO  ExportHelperExtension.cs: 1145 - Found 0 features of type [CoordSys] in WEDGE BLOCK^Assem1.STEP-4
2025-04-08 01:55:38,053 INFO  ExportHelperExtension.cs: 1125 - Retrieving features of type [CoordSys] from GUIDE BUSH^Assem1.STEP-1
2025-04-08 01:55:38,053 INFO  ExportHelperExtension.cs: 1136 - Found 24 in GUIDE BUSH^Assem1.STEP-1
2025-04-08 01:55:38,054 INFO  ExportHelperExtension.cs: 1145 - Found 0 features of type [CoordSys] in GUIDE BUSH^Assem1.STEP-1
2025-04-08 01:55:38,054 INFO  ExportHelperExtension.cs: 1125 - Retrieving features of type [CoordSys] from WEDGE BLOCK PLATE^Assem1.STEP-3
2025-04-08 01:55:38,054 INFO  ExportHelperExtension.cs: 1136 - Found 24 in WEDGE BLOCK PLATE^Assem1.STEP-3
2025-04-08 01:55:38,054 INFO  ExportHelperExtension.cs: 1145 - Found 0 features of type [CoordSys] in WEDGE BLOCK PLATE^Assem1.STEP-3
2025-04-08 01:55:38,055 INFO  ExportHelperExtension.cs: 1125 - Retrieving features of type [CoordSys] from GUIDE RAIL^Assem1.STEP-1
2025-04-08 01:55:38,055 INFO  ExportHelperExtension.cs: 1136 - Found 24 in GUIDE RAIL^Assem1.STEP-1
2025-04-08 01:55:38,055 INFO  ExportHelperExtension.cs: 1145 - Found 0 features of type [CoordSys] in GUIDE RAIL^Assem1.STEP-1
2025-04-08 01:55:38,055 INFO  ExportHelperExtension.cs: 1125 - Retrieving features of type [CoordSys] from CORE PLATE^Assem1.STEP-1
2025-04-08 01:55:38,056 INFO  ExportHelperExtension.cs: 1136 - Found 24 in CORE PLATE^Assem1.STEP-1
2025-04-08 01:55:38,056 INFO  ExportHelperExtension.cs: 1145 - Found 0 features of type [CoordSys] in CORE PLATE^Assem1.STEP-1
2025-04-08 01:55:38,056 INFO  ExportHelperExtension.cs: 1125 - Retrieving features of type [CoordSys] from GUIDE BUSH^Assem1.STEP-3
2025-04-08 01:55:38,057 INFO  ExportHelperExtension.cs: 1136 - Found 24 in GUIDE BUSH^Assem1.STEP-3
2025-04-08 01:55:38,057 INFO  ExportHelperExtension.cs: 1145 - Found 0 features of type [CoordSys] in GUIDE BUSH^Assem1.STEP-3
2025-04-08 01:55:38,057 INFO  ExportHelperExtension.cs: 1125 - Retrieving features of type [CoordSys] from GUIDE RAIL^Assem1.STEP-3
2025-04-08 01:55:38,057 INFO  ExportHelperExtension.cs: 1136 - Found 24 in GUIDE RAIL^Assem1.STEP-3
2025-04-08 01:55:38,058 INFO  ExportHelperExtension.cs: 1145 - Found 0 features of type [CoordSys] in GUIDE RAIL^Assem1.STEP-3
2025-04-08 01:55:38,058 INFO  ExportHelperExtension.cs: 1125 - Retrieving features of type [CoordSys] from GUIDE RAIL^Assem1.STEP-4
2025-04-08 01:55:38,058 INFO  ExportHelperExtension.cs: 1136 - Found 24 in GUIDE RAIL^Assem1.STEP-4
2025-04-08 01:55:38,058 INFO  ExportHelperExtension.cs: 1145 - Found 0 features of type [CoordSys] in GUIDE RAIL^Assem1.STEP-4
2025-04-08 01:55:38,059 INFO  ExportHelperExtension.cs: 1125 - Retrieving features of type [CoordSys] from GUIDE RAIL^Assem1.STEP-6
2025-04-08 01:55:38,059 INFO  ExportHelperExtension.cs: 1136 - Found 24 in GUIDE RAIL^Assem1.STEP-6
2025-04-08 01:55:38,059 INFO  ExportHelperExtension.cs: 1145 - Found 0 features of type [CoordSys] in GUIDE RAIL^Assem1.STEP-6
2025-04-08 01:55:38,059 INFO  ExportHelperExtension.cs: 1125 - Retrieving features of type [CoordSys] from GUIDE RAIL^Assem1.STEP-2
2025-04-08 01:55:38,060 INFO  ExportHelperExtension.cs: 1136 - Found 24 in GUIDE RAIL^Assem1.STEP-2
2025-04-08 01:55:38,060 INFO  ExportHelperExtension.cs: 1145 - Found 0 features of type [CoordSys] in GUIDE RAIL^Assem1.STEP-2
2025-04-08 01:55:38,060 INFO  ExportHelperExtension.cs: 1125 - Retrieving features of type [CoordSys] from GUIDE RAIL^Assem1.STEP-7
2025-04-08 01:55:38,060 INFO  ExportHelperExtension.cs: 1136 - Found 24 in GUIDE RAIL^Assem1.STEP-7
2025-04-08 01:55:38,061 INFO  ExportHelperExtension.cs: 1145 - Found 0 features of type [CoordSys] in GUIDE RAIL^Assem1.STEP-7
2025-04-08 01:55:38,061 INFO  ExportHelperExtension.cs: 1125 - Retrieving features of type [CoordSys] from GUIDE RAIL^Assem1.STEP-8
2025-04-08 01:55:38,061 INFO  ExportHelperExtension.cs: 1136 - Found 24 in GUIDE RAIL^Assem1.STEP-8
2025-04-08 01:55:38,061 INFO  ExportHelperExtension.cs: 1145 - Found 0 features of type [CoordSys] in GUIDE RAIL^Assem1.STEP-8
2025-04-08 01:55:38,062 INFO  ExportHelperExtension.cs: 1125 - Retrieving features of type [CoordSys] from CAVITY BLOCK 1^Assem1.STEP-1
2025-04-08 01:55:38,062 INFO  ExportHelperExtension.cs: 1136 - Found 24 in CAVITY BLOCK 1^Assem1.STEP-1
2025-04-08 01:55:38,062 INFO  ExportHelperExtension.cs: 1145 - Found 0 features of type [CoordSys] in CAVITY BLOCK 1^Assem1.STEP-1
2025-04-08 01:55:38,062 INFO  ExportHelperExtension.cs: 1125 - Retrieving features of type [CoordSys] from CAVITY BLOCK 2^Assem1.STEP-1
2025-04-08 01:55:38,062 INFO  ExportHelperExtension.cs: 1136 - Found 24 in CAVITY BLOCK 2^Assem1.STEP-1
2025-04-08 01:55:38,063 INFO  ExportHelperExtension.cs: 1145 - Found 0 features of type [CoordSys] in CAVITY BLOCK 2^Assem1.STEP-1
2025-04-08 01:55:38,063 INFO  ExportHelperExtension.cs: 1125 - Retrieving features of type [CoordSys] from GUIDE RAIL^Assem1.STEP-5
2025-04-08 01:55:38,063 INFO  ExportHelperExtension.cs: 1136 - Found 24 in GUIDE RAIL^Assem1.STEP-5
2025-04-08 01:55:38,063 INFO  ExportHelperExtension.cs: 1145 - Found 0 features of type [CoordSys] in GUIDE RAIL^Assem1.STEP-5
2025-04-08 01:55:38,064 INFO  ExportHelperExtension.cs: 1125 - Retrieving features of type [CoordSys] from BOTTOM PLATE^Assem1.STEP-1
2025-04-08 01:55:38,064 INFO  ExportHelperExtension.cs: 1136 - Found 24 in BOTTOM PLATE^Assem1.STEP-1
2025-04-08 01:55:38,064 INFO  ExportHelperExtension.cs: 1145 - Found 0 features of type [CoordSys] in BOTTOM PLATE^Assem1.STEP-1
2025-04-08 01:55:38,065 INFO  ExportHelperExtension.cs: 1125 - Retrieving features of type [CoordSys] from RISER BLOCK^Assem1.STEP-2
2025-04-08 01:55:38,065 INFO  ExportHelperExtension.cs: 1136 - Found 24 in RISER BLOCK^Assem1.STEP-2
2025-04-08 01:55:38,065 INFO  ExportHelperExtension.cs: 1145 - Found 0 features of type [CoordSys] in RISER BLOCK^Assem1.STEP-2
2025-04-08 01:55:38,065 INFO  ExportHelperExtension.cs: 1125 - Retrieving features of type [CoordSys] from EJ. PIN^Assem1.STEP-1
2025-04-08 01:55:38,066 INFO  ExportHelperExtension.cs: 1136 - Found 24 in EJ. PIN^Assem1.STEP-1
2025-04-08 01:55:38,066 INFO  ExportHelperExtension.cs: 1145 - Found 0 features of type [CoordSys] in EJ. PIN^Assem1.STEP-1
2025-04-08 01:55:38,066 INFO  ExportHelperExtension.cs: 1125 - Retrieving features of type [CoordSys] from EJ PLATE^Assem1.STEP-1
2025-04-08 01:55:38,066 INFO  ExportHelperExtension.cs: 1136 - Found 24 in EJ PLATE^Assem1.STEP-1
2025-04-08 01:55:38,067 INFO  ExportHelperExtension.cs: 1145 - Found 0 features of type [CoordSys] in EJ PLATE^Assem1.STEP-1
2025-04-08 01:55:38,067 INFO  ExportHelperExtension.cs: 1125 - Retrieving features of type [CoordSys] from SUPPORT PLATE^Assem1.STEP-1
2025-04-08 01:55:38,067 INFO  ExportHelperExtension.cs: 1136 - Found 24 in SUPPORT PLATE^Assem1.STEP-1
2025-04-08 01:55:38,067 INFO  ExportHelperExtension.cs: 1145 - Found 0 features of type [CoordSys] in SUPPORT PLATE^Assem1.STEP-1
2025-04-08 01:55:38,067 INFO  ExportHelperExtension.cs: 1125 - Retrieving features of type [CoordSys] from RISER BLOCK^Assem1.STEP-1
2025-04-08 01:55:38,089 INFO  ExportHelperExtension.cs: 1136 - Found 24 in RISER BLOCK^Assem1.STEP-1
2025-04-08 01:55:38,089 INFO  ExportHelperExtension.cs: 1145 - Found 0 features of type [CoordSys] in RISER BLOCK^Assem1.STEP-1
2025-04-08 01:55:38,090 INFO  ExportHelperExtension.cs: 1125 - Retrieving features of type [CoordSys] from CORE^Assem1.STEP-1
2025-04-08 01:55:38,090 INFO  ExportHelperExtension.cs: 1136 - Found 24 in CORE^Assem1.STEP-1
2025-04-08 01:55:38,091 INFO  ExportHelperExtension.cs: 1145 - Found 0 features of type [CoordSys] in CORE^Assem1.STEP-1
2025-04-08 01:55:38,091 INFO  ExportHelperExtension.cs: 1125 - Retrieving features of type [CoordSys] from CAVITY BLOCK 2^Assem1.STEP-2
2025-04-08 01:55:38,091 INFO  ExportHelperExtension.cs: 1136 - Found 24 in CAVITY BLOCK 2^Assem1.STEP-2
2025-04-08 01:55:38,091 INFO  ExportHelperExtension.cs: 1145 - Found 0 features of type [CoordSys] in CAVITY BLOCK 2^Assem1.STEP-2
2025-04-08 01:55:38,092 INFO  ExportHelperExtension.cs: 1125 - Retrieving features of type [CoordSys] from CORE^Assem1.STEP-2
2025-04-08 01:55:38,092 INFO  ExportHelperExtension.cs: 1136 - Found 24 in CORE^Assem1.STEP-2
2025-04-08 01:55:38,092 INFO  ExportHelperExtension.cs: 1145 - Found 0 features of type [CoordSys] in CORE^Assem1.STEP-2
2025-04-08 01:55:38,093 INFO  ExportHelperExtension.cs: 1125 - Retrieving features of type [CoordSys] from EJ BACK PLATE^Assem1.STEP-1
2025-04-08 01:55:38,093 INFO  ExportHelperExtension.cs: 1136 - Found 24 in EJ BACK PLATE^Assem1.STEP-1
2025-04-08 01:55:38,093 INFO  ExportHelperExtension.cs: 1145 - Found 0 features of type [CoordSys] in EJ BACK PLATE^Assem1.STEP-1
2025-04-08 01:55:38,093 INFO  ExportHelperExtension.cs: 1125 - Retrieving features of type [CoordSys] from CAVITY BLOCK 1^Assem1.STEP-2
2025-04-08 01:55:38,094 INFO  ExportHelperExtension.cs: 1136 - Found 24 in CAVITY BLOCK 1^Assem1.STEP-2
2025-04-08 01:55:38,094 INFO  ExportHelperExtension.cs: 1145 - Found 0 features of type [CoordSys] in CAVITY BLOCK 1^Assem1.STEP-2
2025-04-08 01:55:38,094 INFO  ExportHelperExtension.cs: 1125 - Retrieving features of type [CoordSys] from EJ. GUIDE BUSH^Assem1.STEP-1
2025-04-08 01:55:38,095 INFO  ExportHelperExtension.cs: 1136 - Found 24 in EJ. GUIDE BUSH^Assem1.STEP-1
2025-04-08 01:55:38,095 INFO  ExportHelperExtension.cs: 1145 - Found 0 features of type [CoordSys] in EJ. GUIDE BUSH^Assem1.STEP-1
2025-04-08 01:55:38,095 INFO  ExportHelperExtension.cs: 1125 - Retrieving features of type [CoordSys] from EJ. GUIDE PILLKER^Assem1.STEP-1
2025-04-08 01:55:38,095 INFO  ExportHelperExtension.cs: 1136 - Found 24 in EJ. GUIDE PILLKER^Assem1.STEP-1
2025-04-08 01:55:38,096 INFO  ExportHelperExtension.cs: 1145 - Found 0 features of type [CoordSys] in EJ. GUIDE PILLKER^Assem1.STEP-1
2025-04-08 01:55:38,096 INFO  ExportHelperExtension.cs: 1125 - Retrieving features of type [CoordSys] from EJ. PIN^Assem1.STEP-7
2025-04-08 01:55:38,096 INFO  ExportHelperExtension.cs: 1136 - Found 24 in EJ. PIN^Assem1.STEP-7
2025-04-08 01:55:38,096 INFO  ExportHelperExtension.cs: 1145 - Found 0 features of type [CoordSys] in EJ. PIN^Assem1.STEP-7
2025-04-08 01:55:38,096 INFO  ExportHelperExtension.cs: 1125 - Retrieving features of type [CoordSys] from EJ. PIN^Assem1.STEP-6
2025-04-08 01:55:38,097 INFO  ExportHelperExtension.cs: 1136 - Found 24 in EJ. PIN^Assem1.STEP-6
2025-04-08 01:55:38,097 INFO  ExportHelperExtension.cs: 1145 - Found 0 features of type [CoordSys] in EJ. PIN^Assem1.STEP-6
2025-04-08 01:55:38,097 INFO  ExportHelperExtension.cs: 1125 - Retrieving features of type [CoordSys] from EJ. PIN^Assem1.STEP-2
2025-04-08 01:55:38,098 INFO  ExportHelperExtension.cs: 1136 - Found 24 in EJ. PIN^Assem1.STEP-2
2025-04-08 01:55:38,098 INFO  ExportHelperExtension.cs: 1145 - Found 0 features of type [CoordSys] in EJ. PIN^Assem1.STEP-2
2025-04-08 01:55:38,098 INFO  ExportHelperExtension.cs: 1125 - Retrieving features of type [CoordSys] from EJ. PIN^Assem1.STEP-5
2025-04-08 01:55:38,098 INFO  ExportHelperExtension.cs: 1136 - Found 24 in EJ. PIN^Assem1.STEP-5
2025-04-08 01:55:38,099 INFO  ExportHelperExtension.cs: 1145 - Found 0 features of type [CoordSys] in EJ. PIN^Assem1.STEP-5
2025-04-08 01:55:38,099 INFO  ExportHelperExtension.cs: 1125 - Retrieving features of type [CoordSys] from EJ. PIN^Assem1.STEP-4
2025-04-08 01:55:38,099 INFO  ExportHelperExtension.cs: 1136 - Found 24 in EJ. PIN^Assem1.STEP-4
2025-04-08 01:55:38,100 INFO  ExportHelperExtension.cs: 1145 - Found 0 features of type [CoordSys] in EJ. PIN^Assem1.STEP-4
2025-04-08 01:55:38,100 INFO  ExportHelperExtension.cs: 1125 - Retrieving features of type [CoordSys] from EJ. PIN^Assem1.STEP-8
2025-04-08 01:55:38,100 INFO  ExportHelperExtension.cs: 1136 - Found 24 in EJ. PIN^Assem1.STEP-8
2025-04-08 01:55:38,100 INFO  ExportHelperExtension.cs: 1145 - Found 0 features of type [CoordSys] in EJ. PIN^Assem1.STEP-8
2025-04-08 01:55:38,100 INFO  ExportHelperExtension.cs: 1125 - Retrieving features of type [CoordSys] from SUPPORT ROD^Assem1.STEP-1
2025-04-08 01:55:38,101 INFO  ExportHelperExtension.cs: 1136 - Found 24 in SUPPORT ROD^Assem1.STEP-1
2025-04-08 01:55:38,101 INFO  ExportHelperExtension.cs: 1145 - Found 0 features of type [CoordSys] in SUPPORT ROD^Assem1.STEP-1
2025-04-08 01:55:38,101 INFO  ExportHelperExtension.cs: 1125 - Retrieving features of type [CoordSys] from SUPPORT ROD^Assem1.STEP-5
2025-04-08 01:55:38,102 INFO  ExportHelperExtension.cs: 1136 - Found 24 in SUPPORT ROD^Assem1.STEP-5
2025-04-08 01:55:38,102 INFO  ExportHelperExtension.cs: 1145 - Found 0 features of type [CoordSys] in SUPPORT ROD^Assem1.STEP-5
2025-04-08 01:55:38,102 INFO  ExportHelperExtension.cs: 1125 - Retrieving features of type [CoordSys] from SUPPORT ROD^Assem1.STEP-2
2025-04-08 01:55:38,102 INFO  ExportHelperExtension.cs: 1136 - Found 24 in SUPPORT ROD^Assem1.STEP-2
2025-04-08 01:55:38,102 INFO  ExportHelperExtension.cs: 1145 - Found 0 features of type [CoordSys] in SUPPORT ROD^Assem1.STEP-2
2025-04-08 01:55:38,103 INFO  ExportHelperExtension.cs: 1125 - Retrieving features of type [CoordSys] from SUPPORT ROD^Assem1.STEP-6
2025-04-08 01:55:38,103 INFO  ExportHelperExtension.cs: 1136 - Found 24 in SUPPORT ROD^Assem1.STEP-6
2025-04-08 01:55:38,103 INFO  ExportHelperExtension.cs: 1145 - Found 0 features of type [CoordSys] in SUPPORT ROD^Assem1.STEP-6
2025-04-08 01:55:38,103 INFO  ExportHelperExtension.cs: 1125 - Retrieving features of type [CoordSys] from EJ. GUIDE BUSH^Assem1.STEP-4
2025-04-08 01:55:38,104 INFO  ExportHelperExtension.cs: 1136 - Found 24 in EJ. GUIDE BUSH^Assem1.STEP-4
2025-04-08 01:55:38,104 INFO  ExportHelperExtension.cs: 1145 - Found 0 features of type [CoordSys] in EJ. GUIDE BUSH^Assem1.STEP-4
2025-04-08 01:55:38,104 INFO  ExportHelperExtension.cs: 1125 - Retrieving features of type [CoordSys] from EJ. PIN^Assem1.STEP-3
2025-04-08 01:55:38,104 INFO  ExportHelperExtension.cs: 1136 - Found 24 in EJ. PIN^Assem1.STEP-3
2025-04-08 01:55:38,105 INFO  ExportHelperExtension.cs: 1145 - Found 0 features of type [CoordSys] in EJ. PIN^Assem1.STEP-3
2025-04-08 01:55:38,105 INFO  ExportHelperExtension.cs: 1125 - Retrieving features of type [CoordSys] from EJ. GUIDE BUSH^Assem1.STEP-3
2025-04-08 01:55:38,105 INFO  ExportHelperExtension.cs: 1136 - Found 24 in EJ. GUIDE BUSH^Assem1.STEP-3
2025-04-08 01:55:38,105 INFO  ExportHelperExtension.cs: 1145 - Found 0 features of type [CoordSys] in EJ. GUIDE BUSH^Assem1.STEP-3
2025-04-08 01:55:38,105 INFO  ExportHelperExtension.cs: 1125 - Retrieving features of type [CoordSys] from EJ. GUIDE PILLKER^Assem1.STEP-4
2025-04-08 01:55:38,106 INFO  ExportHelperExtension.cs: 1136 - Found 24 in EJ. GUIDE PILLKER^Assem1.STEP-4
2025-04-08 01:55:38,106 INFO  ExportHelperExtension.cs: 1145 - Found 0 features of type [CoordSys] in EJ. GUIDE PILLKER^Assem1.STEP-4
2025-04-08 01:55:38,106 INFO  ExportHelperExtension.cs: 1125 - Retrieving features of type [CoordSys] from EJ. GUIDE PILLKER^Assem1.STEP-2
2025-04-08 01:55:38,106 INFO  ExportHelperExtension.cs: 1136 - Found 24 in EJ. GUIDE PILLKER^Assem1.STEP-2
2025-04-08 01:55:38,107 INFO  ExportHelperExtension.cs: 1145 - Found 0 features of type [CoordSys] in EJ. GUIDE PILLKER^Assem1.STEP-2
2025-04-08 01:55:38,107 INFO  ExportHelperExtension.cs: 1125 - Retrieving features of type [CoordSys] from EJ. GUIDE BUSH^Assem1.STEP-2
2025-04-08 01:55:38,107 INFO  ExportHelperExtension.cs: 1136 - Found 24 in EJ. GUIDE BUSH^Assem1.STEP-2
2025-04-08 01:55:38,108 INFO  ExportHelperExtension.cs: 1145 - Found 0 features of type [CoordSys] in EJ. GUIDE BUSH^Assem1.STEP-2
2025-04-08 01:55:38,108 INFO  ExportHelperExtension.cs: 1125 - Retrieving features of type [CoordSys] from SUPPORT ROD^Assem1.STEP-3
2025-04-08 01:55:38,108 INFO  ExportHelperExtension.cs: 1136 - Found 24 in SUPPORT ROD^Assem1.STEP-3
2025-04-08 01:55:38,109 INFO  ExportHelperExtension.cs: 1145 - Found 0 features of type [CoordSys] in SUPPORT ROD^Assem1.STEP-3
2025-04-08 01:55:38,109 INFO  ExportHelperExtension.cs: 1125 - Retrieving features of type [CoordSys] from EJ. GUIDE PILLKER^Assem1.STEP-3
2025-04-08 01:55:38,109 INFO  ExportHelperExtension.cs: 1136 - Found 24 in EJ. GUIDE PILLKER^Assem1.STEP-3
2025-04-08 01:55:38,109 INFO  ExportHelperExtension.cs: 1145 - Found 0 features of type [CoordSys] in EJ. GUIDE PILLKER^Assem1.STEP-3
2025-04-08 01:55:38,110 INFO  ExportHelperExtension.cs: 1125 - Retrieving features of type [CoordSys] from SUPPORT ROD^Assem1.STEP-4
2025-04-08 01:55:38,110 INFO  ExportHelperExtension.cs: 1136 - Found 24 in SUPPORT ROD^Assem1.STEP-4
2025-04-08 01:55:38,110 INFO  ExportHelperExtension.cs: 1145 - Found 0 features of type [CoordSys] in SUPPORT ROD^Assem1.STEP-4
2025-04-08 01:55:38,110 INFO  ExportHelperExtension.cs: 1125 - Retrieving features of type [CoordSys] from link 3^Assem1.STEP-3
2025-04-08 01:55:38,111 INFO  ExportHelperExtension.cs: 1136 - Found 24 in link 3^Assem1.STEP-3
2025-04-08 01:55:38,111 INFO  ExportHelperExtension.cs: 1145 - Found 0 features of type [CoordSys] in link 3^Assem1.STEP-3
2025-04-08 01:55:38,111 INFO  ExportHelperExtension.cs: 1125 - Retrieving features of type [CoordSys] from link 3^Assem1.STEP-2
2025-04-08 01:55:38,111 INFO  ExportHelperExtension.cs: 1136 - Found 24 in link 3^Assem1.STEP-2
2025-04-08 01:55:38,112 INFO  ExportHelperExtension.cs: 1145 - Found 0 features of type [CoordSys] in link 3^Assem1.STEP-2
2025-04-08 01:55:38,112 INFO  ExportHelperExtension.cs: 1125 - Retrieving features of type [CoordSys] from SUPPORT ROD^Assem1.STEP-7
2025-04-08 01:55:38,112 INFO  ExportHelperExtension.cs: 1136 - Found 24 in SUPPORT ROD^Assem1.STEP-7
2025-04-08 01:55:38,112 INFO  ExportHelperExtension.cs: 1145 - Found 0 features of type [CoordSys] in SUPPORT ROD^Assem1.STEP-7
2025-04-08 01:55:38,113 INFO  ExportHelperExtension.cs: 1125 - Retrieving features of type [CoordSys] from SUPPORT ROD^Assem1.STEP-9
2025-04-08 01:55:38,113 INFO  ExportHelperExtension.cs: 1136 - Found 24 in SUPPORT ROD^Assem1.STEP-9
2025-04-08 01:55:38,113 INFO  ExportHelperExtension.cs: 1145 - Found 0 features of type [CoordSys] in SUPPORT ROD^Assem1.STEP-9
2025-04-08 01:55:38,113 INFO  ExportHelperExtension.cs: 1125 - Retrieving features of type [CoordSys] from cylinder end^Assem1.STEP-1
2025-04-08 01:55:38,114 INFO  ExportHelperExtension.cs: 1136 - Found 25 in cylinder end^Assem1.STEP-1
2025-04-08 01:55:38,114 INFO  ExportHelperExtension.cs: 1145 - Found 0 features of type [CoordSys] in cylinder end^Assem1.STEP-1
2025-04-08 01:55:38,114 INFO  ExportHelperExtension.cs: 1125 - Retrieving features of type [CoordSys] from link 10080^Assem1.STEP-2
2025-04-08 01:55:38,114 INFO  ExportHelperExtension.cs: 1136 - Found 24 in link 10080^Assem1.STEP-2
2025-04-08 01:55:38,115 INFO  ExportHelperExtension.cs: 1145 - Found 0 features of type [CoordSys] in link 10080^Assem1.STEP-2
2025-04-08 01:55:38,115 INFO  ExportHelperExtension.cs: 1125 - Retrieving features of type [CoordSys] from link 10080^Assem1.STEP-1
2025-04-08 01:55:38,115 INFO  ExportHelperExtension.cs: 1136 - Found 24 in link 10080^Assem1.STEP-1
2025-04-08 01:55:38,115 INFO  ExportHelperExtension.cs: 1145 - Found 0 features of type [CoordSys] in link 10080^Assem1.STEP-1
2025-04-08 01:55:38,116 INFO  ExportHelperExtension.cs: 1125 - Retrieving features of type [CoordSys] from link 3^Assem1.STEP-4
2025-04-08 01:55:38,116 INFO  ExportHelperExtension.cs: 1136 - Found 24 in link 3^Assem1.STEP-4
2025-04-08 01:55:38,116 INFO  ExportHelperExtension.cs: 1145 - Found 0 features of type [CoordSys] in link 3^Assem1.STEP-4
2025-04-08 01:55:38,116 INFO  ExportHelperExtension.cs: 1125 - Retrieving features of type [CoordSys] from SUPPORT ROD^Assem1.STEP-10
2025-04-08 01:55:38,117 INFO  ExportHelperExtension.cs: 1136 - Found 24 in SUPPORT ROD^Assem1.STEP-10
2025-04-08 01:55:38,117 INFO  ExportHelperExtension.cs: 1145 - Found 0 features of type [CoordSys] in SUPPORT ROD^Assem1.STEP-10
2025-04-08 01:55:38,117 INFO  ExportHelperExtension.cs: 1125 - Retrieving features of type [CoordSys] from SUPPORT ROD^Assem1.STEP-8
2025-04-08 01:55:38,117 INFO  ExportHelperExtension.cs: 1136 - Found 24 in SUPPORT ROD^Assem1.STEP-8
2025-04-08 01:55:38,118 INFO  ExportHelperExtension.cs: 1145 - Found 0 features of type [CoordSys] in SUPPORT ROD^Assem1.STEP-8
2025-04-08 01:55:38,118 INFO  ExportHelperExtension.cs: 1125 - Retrieving features of type [CoordSys] from SUPPORT ROD^Assem1.STEP-11
2025-04-08 01:55:38,118 INFO  ExportHelperExtension.cs: 1136 - Found 24 in SUPPORT ROD^Assem1.STEP-11
2025-04-08 01:55:38,118 INFO  ExportHelperExtension.cs: 1145 - Found 0 features of type [CoordSys] in SUPPORT ROD^Assem1.STEP-11
2025-04-08 01:55:38,119 INFO  ExportHelperExtension.cs: 1125 - Retrieving features of type [CoordSys] from link 3^Assem1.STEP-1
2025-04-08 01:55:38,119 INFO  ExportHelperExtension.cs: 1136 - Found 24 in link 3^Assem1.STEP-1
2025-04-08 01:55:38,119 INFO  ExportHelperExtension.cs: 1145 - Found 0 features of type [CoordSys] in link 3^Assem1.STEP-1
2025-04-08 01:55:38,119 INFO  ExportHelperExtension.cs: 1125 - Retrieving features of type [CoordSys] from link 10080^Assem1.STEP-4
2025-04-08 01:55:38,120 INFO  ExportHelperExtension.cs: 1136 - Found 24 in link 10080^Assem1.STEP-4
2025-04-08 01:55:38,120 INFO  ExportHelperExtension.cs: 1145 - Found 0 features of type [CoordSys] in link 10080^Assem1.STEP-4
2025-04-08 01:55:38,120 INFO  ExportHelperExtension.cs: 1125 - Retrieving features of type [CoordSys] from link 3^Assem1.STEP-5
2025-04-08 01:55:38,120 INFO  ExportHelperExtension.cs: 1136 - Found 24 in link 3^Assem1.STEP-5
2025-04-08 01:55:38,121 INFO  ExportHelperExtension.cs: 1145 - Found 0 features of type [CoordSys] in link 3^Assem1.STEP-5
2025-04-08 01:55:38,121 INFO  ExportHelperExtension.cs: 1125 - Retrieving features of type [CoordSys] from link 10080^Assem1.STEP-3
2025-04-08 01:55:38,121 INFO  ExportHelperExtension.cs: 1136 - Found 24 in link 10080^Assem1.STEP-3
2025-04-08 01:55:38,121 INFO  ExportHelperExtension.cs: 1145 - Found 0 features of type [CoordSys] in link 10080^Assem1.STEP-3
2025-04-08 01:55:38,122 INFO  ExportHelperExtension.cs: 1125 - Retrieving features of type [CoordSys] from link 3^Assem1.STEP-6
2025-04-08 01:55:38,122 INFO  ExportHelperExtension.cs: 1136 - Found 24 in link 3^Assem1.STEP-6
2025-04-08 01:55:38,122 INFO  ExportHelperExtension.cs: 1145 - Found 0 features of type [CoordSys] in link 3^Assem1.STEP-6
2025-04-08 01:55:38,122 INFO  ExportHelperExtension.cs: 1125 - Retrieving features of type [CoordSys] from small link^Assem1.STEP-3
2025-04-08 01:55:38,123 INFO  ExportHelperExtension.cs: 1136 - Found 24 in small link^Assem1.STEP-3
2025-04-08 01:55:38,123 INFO  ExportHelperExtension.cs: 1145 - Found 0 features of type [CoordSys] in small link^Assem1.STEP-3
2025-04-08 01:55:38,123 INFO  ExportHelperExtension.cs: 1125 - Retrieving features of type [CoordSys] from small link^Assem1.STEP-1
2025-04-08 01:55:38,123 INFO  ExportHelperExtension.cs: 1136 - Found 24 in small link^Assem1.STEP-1
2025-04-08 01:55:38,124 INFO  ExportHelperExtension.cs: 1145 - Found 0 features of type [CoordSys] in small link^Assem1.STEP-1
2025-04-08 01:55:38,124 INFO  ExportHelperExtension.cs: 1125 - Retrieving features of type [CoordSys] from nozzle^Assem1.STEP-1
2025-04-08 01:55:38,124 INFO  ExportHelperExtension.cs: 1136 - Found 24 in nozzle^Assem1.STEP-1
2025-04-08 01:55:38,124 INFO  ExportHelperExtension.cs: 1145 - Found 0 features of type [CoordSys] in nozzle^Assem1.STEP-1
2025-04-08 01:55:38,125 INFO  ExportHelperExtension.cs: 1125 - Retrieving features of type [CoordSys] from small link^Assem1.STEP-2
2025-04-08 01:55:38,125 INFO  ExportHelperExtension.cs: 1136 - Found 24 in small link^Assem1.STEP-2
2025-04-08 01:55:38,125 INFO  ExportHelperExtension.cs: 1145 - Found 0 features of type [CoordSys] in small link^Assem1.STEP-2
2025-04-08 01:55:38,125 INFO  ExportHelperExtension.cs: 1125 - Retrieving features of type [CoordSys] from small link^Assem1.STEP-4
2025-04-08 01:55:38,126 INFO  ExportHelperExtension.cs: 1136 - Found 24 in small link^Assem1.STEP-4
2025-04-08 01:55:38,126 INFO  ExportHelperExtension.cs: 1145 - Found 0 features of type [CoordSys] in small link^Assem1.STEP-4
2025-04-08 01:55:38,126 INFO  ExportHelperExtension.cs: 1125 - Retrieving features of type [RefAxis] from Assem1.STEP
2025-04-08 01:55:38,127 INFO  ExportHelperExtension.cs: 1136 - Found 134 in Assem1.STEP
2025-04-08 01:55:38,127 INFO  ExportHelperExtension.cs: 1145 - Found 4 features of type [RefAxis] in Assem1.STEP
2025-04-08 01:55:38,127 INFO  ExportHelperExtension.cs: 1148 - Proceeding through assembly components
2025-04-08 01:55:38,128 INFO  ExportHelperExtension.cs: 1160 - 106 components to check
2025-04-08 01:55:38,128 INFO  ExportHelperExtension.cs: 1125 - Retrieving features of type [RefAxis] from moving platten.STEP-1
2025-04-08 01:55:38,128 INFO  ExportHelperExtension.cs: 1136 - Found 24 in moving platten.STEP-1
2025-04-08 01:55:38,128 INFO  ExportHelperExtension.cs: 1145 - Found 0 features of type [RefAxis] in moving platten.STEP-1
2025-04-08 01:55:38,129 INFO  ExportHelperExtension.cs: 1125 - Retrieving features of type [RefAxis] from fixed back^Assem1.STEP-1
2025-04-08 01:55:38,129 INFO  ExportHelperExtension.cs: 1136 - Found 28 in fixed back^Assem1.STEP-1
2025-04-08 01:55:38,129 INFO  ExportHelperExtension.cs: 1145 - Found 0 features of type [RefAxis] in fixed back^Assem1.STEP-1
2025-04-08 01:55:38,129 INFO  ExportHelperExtension.cs: 1125 - Retrieving features of type [RefAxis] from frame^Assem1.STEP-1
2025-04-08 01:55:38,130 INFO  ExportHelperExtension.cs: 1136 - Found 126 in frame^Assem1.STEP-1
2025-04-08 01:55:38,130 INFO  ExportHelperExtension.cs: 1145 - Found 0 features of type [RefAxis] in frame^Assem1.STEP-1
2025-04-08 01:55:38,131 INFO  ExportHelperExtension.cs: 1125 - Retrieving features of type [RefAxis] from DOOR^Assem1.STEP-1
2025-04-08 01:55:38,131 INFO  ExportHelperExtension.cs: 1136 - Found 25 in DOOR^Assem1.STEP-1
2025-04-08 01:55:38,131 INFO  ExportHelperExtension.cs: 1145 - Found 0 features of type [RefAxis] in DOOR^Assem1.STEP-1
2025-04-08 01:55:38,131 INFO  ExportHelperExtension.cs: 1125 - Retrieving features of type [RefAxis] from fixed platten^Assem1.STEP-1
2025-04-08 01:55:38,132 INFO  ExportHelperExtension.cs: 1136 - Found 28 in fixed platten^Assem1.STEP-1
2025-04-08 01:55:38,132 INFO  ExportHelperExtension.cs: 1145 - Found 0 features of type [RefAxis] in fixed platten^Assem1.STEP-1
2025-04-08 01:55:38,132 INFO  ExportHelperExtension.cs: 1125 - Retrieving features of type [RefAxis] from SPRUE BUSH^Assem1.STEP-1
2025-04-08 01:55:38,153 INFO  ExportHelperExtension.cs: 1136 - Found 24 in SPRUE BUSH^Assem1.STEP-1
2025-04-08 01:55:38,153 INFO  ExportHelperExtension.cs: 1145 - Found 0 features of type [RefAxis] in SPRUE BUSH^Assem1.STEP-1
2025-04-08 01:55:38,154 INFO  ExportHelperExtension.cs: 1125 - Retrieving features of type [RefAxis] from DOOR^Assem1.STEP-2
2025-04-08 01:55:38,154 INFO  ExportHelperExtension.cs: 1136 - Found 25 in DOOR^Assem1.STEP-2
2025-04-08 01:55:38,154 INFO  ExportHelperExtension.cs: 1145 - Found 0 features of type [RefAxis] in DOOR^Assem1.STEP-2
2025-04-08 01:55:38,155 INFO  ExportHelperExtension.cs: 1125 - Retrieving features of type [RefAxis] from CAM^Assem1.STEP-1
2025-04-08 01:55:38,155 INFO  ExportHelperExtension.cs: 1136 - Found 24 in CAM^Assem1.STEP-1
2025-04-08 01:55:38,155 INFO  ExportHelperExtension.cs: 1145 - Found 0 features of type [RefAxis] in CAM^Assem1.STEP-1
2025-04-08 01:55:38,155 INFO  ExportHelperExtension.cs: 1125 - Retrieving features of type [RefAxis] from GUIDE PILLER^Assem1.STEP-2
2025-04-08 01:55:38,156 INFO  ExportHelperExtension.cs: 1136 - Found 24 in GUIDE PILLER^Assem1.STEP-2
2025-04-08 01:55:38,156 INFO  ExportHelperExtension.cs: 1145 - Found 0 features of type [RefAxis] in GUIDE PILLER^Assem1.STEP-2
2025-04-08 01:55:38,156 INFO  ExportHelperExtension.cs: 1125 - Retrieving features of type [RefAxis] from CAM HOLDER^Assem1.STEP-2
2025-04-08 01:55:38,157 INFO  ExportHelperExtension.cs: 1136 - Found 24 in CAM HOLDER^Assem1.STEP-2
2025-04-08 01:55:38,157 INFO  ExportHelperExtension.cs: 1145 - Found 0 features of type [RefAxis] in CAM HOLDER^Assem1.STEP-2
2025-04-08 01:55:38,157 INFO  ExportHelperExtension.cs: 1125 - Retrieving features of type [RefAxis] from TOP PLATE^Assem1.STEP-1
2025-04-08 01:55:38,157 INFO  ExportHelperExtension.cs: 1136 - Found 24 in TOP PLATE^Assem1.STEP-1
2025-04-08 01:55:38,158 INFO  ExportHelperExtension.cs: 1145 - Found 0 features of type [RefAxis] in TOP PLATE^Assem1.STEP-1
2025-04-08 01:55:38,158 INFO  ExportHelperExtension.cs: 1125 - Retrieving features of type [RefAxis] from GUIDE PILLER^Assem1.STEP-1
2025-04-08 01:55:38,158 INFO  ExportHelperExtension.cs: 1136 - Found 24 in GUIDE PILLER^Assem1.STEP-1
2025-04-08 01:55:38,159 INFO  ExportHelperExtension.cs: 1145 - Found 0 features of type [RefAxis] in GUIDE PILLER^Assem1.STEP-1
2025-04-08 01:55:38,159 INFO  ExportHelperExtension.cs: 1125 - Retrieving features of type [RefAxis] from CAM HOLDER^Assem1.STEP-8
2025-04-08 01:55:38,159 INFO  ExportHelperExtension.cs: 1136 - Found 24 in CAM HOLDER^Assem1.STEP-8
2025-04-08 01:55:38,159 INFO  ExportHelperExtension.cs: 1145 - Found 0 features of type [RefAxis] in CAM HOLDER^Assem1.STEP-8
2025-04-08 01:55:38,159 INFO  ExportHelperExtension.cs: 1125 - Retrieving features of type [RefAxis] from CAM HOLDER^Assem1.STEP-4
2025-04-08 01:55:38,160 INFO  ExportHelperExtension.cs: 1136 - Found 24 in CAM HOLDER^Assem1.STEP-4
2025-04-08 01:55:38,160 INFO  ExportHelperExtension.cs: 1145 - Found 0 features of type [RefAxis] in CAM HOLDER^Assem1.STEP-4
2025-04-08 01:55:38,160 INFO  ExportHelperExtension.cs: 1125 - Retrieving features of type [RefAxis] from CAM HOLDER^Assem1.STEP-1
2025-04-08 01:55:38,160 INFO  ExportHelperExtension.cs: 1136 - Found 24 in CAM HOLDER^Assem1.STEP-1
2025-04-08 01:55:38,161 INFO  ExportHelperExtension.cs: 1145 - Found 0 features of type [RefAxis] in CAM HOLDER^Assem1.STEP-1
2025-04-08 01:55:38,161 INFO  ExportHelperExtension.cs: 1125 - Retrieving features of type [RefAxis] from GUIDE PILLER^Assem1.STEP-3
2025-04-08 01:55:38,161 INFO  ExportHelperExtension.cs: 1136 - Found 24 in GUIDE PILLER^Assem1.STEP-3
2025-04-08 01:55:38,161 INFO  ExportHelperExtension.cs: 1145 - Found 0 features of type [RefAxis] in GUIDE PILLER^Assem1.STEP-3
2025-04-08 01:55:38,161 INFO  ExportHelperExtension.cs: 1125 - Retrieving features of type [RefAxis] from LOCATING RING^Assem1.STEP-1
2025-04-08 01:55:38,162 INFO  ExportHelperExtension.cs: 1136 - Found 24 in LOCATING RING^Assem1.STEP-1
2025-04-08 01:55:38,162 INFO  ExportHelperExtension.cs: 1145 - Found 0 features of type [RefAxis] in LOCATING RING^Assem1.STEP-1
2025-04-08 01:55:38,162 INFO  ExportHelperExtension.cs: 1125 - Retrieving features of type [RefAxis] from GUIDE PILLER^Assem1.STEP-4
2025-04-08 01:55:38,162 INFO  ExportHelperExtension.cs: 1136 - Found 24 in GUIDE PILLER^Assem1.STEP-4
2025-04-08 01:55:38,163 INFO  ExportHelperExtension.cs: 1145 - Found 0 features of type [RefAxis] in GUIDE PILLER^Assem1.STEP-4
2025-04-08 01:55:38,163 INFO  ExportHelperExtension.cs: 1125 - Retrieving features of type [RefAxis] from CAM HOLDER^Assem1.STEP-5
2025-04-08 01:55:38,163 INFO  ExportHelperExtension.cs: 1136 - Found 24 in CAM HOLDER^Assem1.STEP-5
2025-04-08 01:55:38,163 INFO  ExportHelperExtension.cs: 1145 - Found 0 features of type [RefAxis] in CAM HOLDER^Assem1.STEP-5
2025-04-08 01:55:38,164 INFO  ExportHelperExtension.cs: 1125 - Retrieving features of type [RefAxis] from CAVITY PLATE^Assem1.STEP-1
2025-04-08 01:55:38,164 INFO  ExportHelperExtension.cs: 1136 - Found 24 in CAVITY PLATE^Assem1.STEP-1
2025-04-08 01:55:38,164 INFO  ExportHelperExtension.cs: 1145 - Found 0 features of type [RefAxis] in CAVITY PLATE^Assem1.STEP-1
2025-04-08 01:55:38,164 INFO  ExportHelperExtension.cs: 1125 - Retrieving features of type [RefAxis] from CAM HOLDER^Assem1.STEP-7
2025-04-08 01:55:38,164 INFO  ExportHelperExtension.cs: 1136 - Found 24 in CAM HOLDER^Assem1.STEP-7
2025-04-08 01:55:38,165 INFO  ExportHelperExtension.cs: 1145 - Found 0 features of type [RefAxis] in CAM HOLDER^Assem1.STEP-7
2025-04-08 01:55:38,165 INFO  ExportHelperExtension.cs: 1125 - Retrieving features of type [RefAxis] from CAM HOLDER^Assem1.STEP-3
2025-04-08 01:55:38,165 INFO  ExportHelperExtension.cs: 1136 - Found 24 in CAM HOLDER^Assem1.STEP-3
2025-04-08 01:55:38,165 INFO  ExportHelperExtension.cs: 1145 - Found 0 features of type [RefAxis] in CAM HOLDER^Assem1.STEP-3
2025-04-08 01:55:38,166 INFO  ExportHelperExtension.cs: 1125 - Retrieving features of type [RefAxis] from CAM^Assem1.STEP-6
2025-04-08 01:55:38,166 INFO  ExportHelperExtension.cs: 1136 - Found 24 in CAM^Assem1.STEP-6
2025-04-08 01:55:38,166 INFO  ExportHelperExtension.cs: 1145 - Found 0 features of type [RefAxis] in CAM^Assem1.STEP-6
2025-04-08 01:55:38,166 INFO  ExportHelperExtension.cs: 1125 - Retrieving features of type [RefAxis] from CAM HOLDER^Assem1.STEP-6
2025-04-08 01:55:38,167 INFO  ExportHelperExtension.cs: 1136 - Found 24 in CAM HOLDER^Assem1.STEP-6
2025-04-08 01:55:38,167 INFO  ExportHelperExtension.cs: 1145 - Found 0 features of type [RefAxis] in CAM HOLDER^Assem1.STEP-6
2025-04-08 01:55:38,167 INFO  ExportHelperExtension.cs: 1125 - Retrieving features of type [RefAxis] from CAM^Assem1.STEP-7
2025-04-08 01:55:38,167 INFO  ExportHelperExtension.cs: 1136 - Found 24 in CAM^Assem1.STEP-7
2025-04-08 01:55:38,168 INFO  ExportHelperExtension.cs: 1145 - Found 0 features of type [RefAxis] in CAM^Assem1.STEP-7
2025-04-08 01:55:38,168 INFO  ExportHelperExtension.cs: 1125 - Retrieving features of type [RefAxis] from CAM^Assem1.STEP-4
2025-04-08 01:55:38,168 INFO  ExportHelperExtension.cs: 1136 - Found 24 in CAM^Assem1.STEP-4
2025-04-08 01:55:38,168 INFO  ExportHelperExtension.cs: 1145 - Found 0 features of type [RefAxis] in CAM^Assem1.STEP-4
2025-04-08 01:55:38,168 INFO  ExportHelperExtension.cs: 1125 - Retrieving features of type [RefAxis] from CAM^Assem1.STEP-2
2025-04-08 01:55:38,169 INFO  ExportHelperExtension.cs: 1136 - Found 24 in CAM^Assem1.STEP-2
2025-04-08 01:55:38,169 INFO  ExportHelperExtension.cs: 1145 - Found 0 features of type [RefAxis] in CAM^Assem1.STEP-2
2025-04-08 01:55:38,169 INFO  ExportHelperExtension.cs: 1125 - Retrieving features of type [RefAxis] from CAM^Assem1.STEP-5
2025-04-08 01:55:38,169 INFO  ExportHelperExtension.cs: 1136 - Found 24 in CAM^Assem1.STEP-5
2025-04-08 01:55:38,170 INFO  ExportHelperExtension.cs: 1145 - Found 0 features of type [RefAxis] in CAM^Assem1.STEP-5
2025-04-08 01:55:38,170 INFO  ExportHelperExtension.cs: 1125 - Retrieving features of type [RefAxis] from WEDGE BLOCK^Assem1.STEP-3
2025-04-08 01:55:38,170 INFO  ExportHelperExtension.cs: 1136 - Found 24 in WEDGE BLOCK^Assem1.STEP-3
2025-04-08 01:55:38,170 INFO  ExportHelperExtension.cs: 1145 - Found 0 features of type [RefAxis] in WEDGE BLOCK^Assem1.STEP-3
2025-04-08 01:55:38,170 INFO  ExportHelperExtension.cs: 1125 - Retrieving features of type [RefAxis] from WEDGE BLOCK PLATE^Assem1.STEP-2
2025-04-08 01:55:38,171 INFO  ExportHelperExtension.cs: 1136 - Found 24 in WEDGE BLOCK PLATE^Assem1.STEP-2
2025-04-08 01:55:38,171 INFO  ExportHelperExtension.cs: 1145 - Found 0 features of type [RefAxis] in WEDGE BLOCK PLATE^Assem1.STEP-2
2025-04-08 01:55:38,171 INFO  ExportHelperExtension.cs: 1125 - Retrieving features of type [RefAxis] from WEDGE BLOCK PLATE^Assem1.STEP-4
2025-04-08 01:55:38,171 INFO  ExportHelperExtension.cs: 1136 - Found 24 in WEDGE BLOCK PLATE^Assem1.STEP-4
2025-04-08 01:55:38,172 INFO  ExportHelperExtension.cs: 1145 - Found 0 features of type [RefAxis] in WEDGE BLOCK PLATE^Assem1.STEP-4
2025-04-08 01:55:38,172 INFO  ExportHelperExtension.cs: 1125 - Retrieving features of type [RefAxis] from GUIDE BUSH^Assem1.STEP-2
2025-04-08 01:55:38,172 INFO  ExportHelperExtension.cs: 1136 - Found 24 in GUIDE BUSH^Assem1.STEP-2
2025-04-08 01:55:38,172 INFO  ExportHelperExtension.cs: 1145 - Found 0 features of type [RefAxis] in GUIDE BUSH^Assem1.STEP-2
2025-04-08 01:55:38,173 INFO  ExportHelperExtension.cs: 1125 - Retrieving features of type [RefAxis] from GUIDE BUSH^Assem1.STEP-4
2025-04-08 01:55:38,173 INFO  ExportHelperExtension.cs: 1136 - Found 24 in GUIDE BUSH^Assem1.STEP-4
2025-04-08 01:55:38,173 INFO  ExportHelperExtension.cs: 1145 - Found 0 features of type [RefAxis] in GUIDE BUSH^Assem1.STEP-4
2025-04-08 01:55:38,173 INFO  ExportHelperExtension.cs: 1125 - Retrieving features of type [RefAxis] from CAM^Assem1.STEP-3
2025-04-08 01:55:38,174 INFO  ExportHelperExtension.cs: 1136 - Found 24 in CAM^Assem1.STEP-3
2025-04-08 01:55:38,174 INFO  ExportHelperExtension.cs: 1145 - Found 0 features of type [RefAxis] in CAM^Assem1.STEP-3
2025-04-08 01:55:38,174 INFO  ExportHelperExtension.cs: 1125 - Retrieving features of type [RefAxis] from CAM^Assem1.STEP-8
2025-04-08 01:55:38,174 INFO  ExportHelperExtension.cs: 1136 - Found 24 in CAM^Assem1.STEP-8
2025-04-08 01:55:38,174 INFO  ExportHelperExtension.cs: 1145 - Found 0 features of type [RefAxis] in CAM^Assem1.STEP-8
2025-04-08 01:55:38,175 INFO  ExportHelperExtension.cs: 1125 - Retrieving features of type [RefAxis] from WEDGE BLOCK^Assem1.STEP-1
2025-04-08 01:55:38,175 INFO  ExportHelperExtension.cs: 1136 - Found 24 in WEDGE BLOCK^Assem1.STEP-1
2025-04-08 01:55:38,175 INFO  ExportHelperExtension.cs: 1145 - Found 0 features of type [RefAxis] in WEDGE BLOCK^Assem1.STEP-1
2025-04-08 01:55:38,175 INFO  ExportHelperExtension.cs: 1125 - Retrieving features of type [RefAxis] from WEDGE BLOCK PLATE^Assem1.STEP-1
2025-04-08 01:55:38,176 INFO  ExportHelperExtension.cs: 1136 - Found 24 in WEDGE BLOCK PLATE^Assem1.STEP-1
2025-04-08 01:55:38,176 INFO  ExportHelperExtension.cs: 1145 - Found 0 features of type [RefAxis] in WEDGE BLOCK PLATE^Assem1.STEP-1
2025-04-08 01:55:38,176 INFO  ExportHelperExtension.cs: 1125 - Retrieving features of type [RefAxis] from WEDGE BLOCK^Assem1.STEP-2
2025-04-08 01:55:38,176 INFO  ExportHelperExtension.cs: 1136 - Found 24 in WEDGE BLOCK^Assem1.STEP-2
2025-04-08 01:55:38,177 INFO  ExportHelperExtension.cs: 1145 - Found 0 features of type [RefAxis] in WEDGE BLOCK^Assem1.STEP-2
2025-04-08 01:55:38,177 INFO  ExportHelperExtension.cs: 1125 - Retrieving features of type [RefAxis] from WEDGE BLOCK^Assem1.STEP-4
2025-04-08 01:55:38,177 INFO  ExportHelperExtension.cs: 1136 - Found 24 in WEDGE BLOCK^Assem1.STEP-4
2025-04-08 01:55:38,177 INFO  ExportHelperExtension.cs: 1145 - Found 0 features of type [RefAxis] in WEDGE BLOCK^Assem1.STEP-4
2025-04-08 01:55:38,177 INFO  ExportHelperExtension.cs: 1125 - Retrieving features of type [RefAxis] from GUIDE BUSH^Assem1.STEP-1
2025-04-08 01:55:38,178 INFO  ExportHelperExtension.cs: 1136 - Found 24 in GUIDE BUSH^Assem1.STEP-1
2025-04-08 01:55:38,178 INFO  ExportHelperExtension.cs: 1145 - Found 0 features of type [RefAxis] in GUIDE BUSH^Assem1.STEP-1
2025-04-08 01:55:38,178 INFO  ExportHelperExtension.cs: 1125 - Retrieving features of type [RefAxis] from WEDGE BLOCK PLATE^Assem1.STEP-3
2025-04-08 01:55:38,178 INFO  ExportHelperExtension.cs: 1136 - Found 24 in WEDGE BLOCK PLATE^Assem1.STEP-3
2025-04-08 01:55:38,178 INFO  ExportHelperExtension.cs: 1145 - Found 0 features of type [RefAxis] in WEDGE BLOCK PLATE^Assem1.STEP-3
2025-04-08 01:55:38,179 INFO  ExportHelperExtension.cs: 1125 - Retrieving features of type [RefAxis] from GUIDE RAIL^Assem1.STEP-1
2025-04-08 01:55:38,179 INFO  ExportHelperExtension.cs: 1136 - Found 24 in GUIDE RAIL^Assem1.STEP-1
2025-04-08 01:55:38,179 INFO  ExportHelperExtension.cs: 1145 - Found 0 features of type [RefAxis] in GUIDE RAIL^Assem1.STEP-1
2025-04-08 01:55:38,179 INFO  ExportHelperExtension.cs: 1125 - Retrieving features of type [RefAxis] from CORE PLATE^Assem1.STEP-1
2025-04-08 01:55:38,180 INFO  ExportHelperExtension.cs: 1136 - Found 24 in CORE PLATE^Assem1.STEP-1
2025-04-08 01:55:38,180 INFO  ExportHelperExtension.cs: 1145 - Found 0 features of type [RefAxis] in CORE PLATE^Assem1.STEP-1
2025-04-08 01:55:38,180 INFO  ExportHelperExtension.cs: 1125 - Retrieving features of type [RefAxis] from GUIDE BUSH^Assem1.STEP-3
2025-04-08 01:55:38,180 INFO  ExportHelperExtension.cs: 1136 - Found 24 in GUIDE BUSH^Assem1.STEP-3
2025-04-08 01:55:38,181 INFO  ExportHelperExtension.cs: 1145 - Found 0 features of type [RefAxis] in GUIDE BUSH^Assem1.STEP-3
2025-04-08 01:55:38,181 INFO  ExportHelperExtension.cs: 1125 - Retrieving features of type [RefAxis] from GUIDE RAIL^Assem1.STEP-3
2025-04-08 01:55:38,181 INFO  ExportHelperExtension.cs: 1136 - Found 24 in GUIDE RAIL^Assem1.STEP-3
2025-04-08 01:55:38,181 INFO  ExportHelperExtension.cs: 1145 - Found 0 features of type [RefAxis] in GUIDE RAIL^Assem1.STEP-3
2025-04-08 01:55:38,182 INFO  ExportHelperExtension.cs: 1125 - Retrieving features of type [RefAxis] from GUIDE RAIL^Assem1.STEP-4
2025-04-08 01:55:38,182 INFO  ExportHelperExtension.cs: 1136 - Found 24 in GUIDE RAIL^Assem1.STEP-4
2025-04-08 01:55:38,182 INFO  ExportHelperExtension.cs: 1145 - Found 0 features of type [RefAxis] in GUIDE RAIL^Assem1.STEP-4
2025-04-08 01:55:38,182 INFO  ExportHelperExtension.cs: 1125 - Retrieving features of type [RefAxis] from GUIDE RAIL^Assem1.STEP-6
2025-04-08 01:55:38,183 INFO  ExportHelperExtension.cs: 1136 - Found 24 in GUIDE RAIL^Assem1.STEP-6
2025-04-08 01:55:38,183 INFO  ExportHelperExtension.cs: 1145 - Found 0 features of type [RefAxis] in GUIDE RAIL^Assem1.STEP-6
2025-04-08 01:55:38,183 INFO  ExportHelperExtension.cs: 1125 - Retrieving features of type [RefAxis] from GUIDE RAIL^Assem1.STEP-2
2025-04-08 01:55:38,183 INFO  ExportHelperExtension.cs: 1136 - Found 24 in GUIDE RAIL^Assem1.STEP-2
2025-04-08 01:55:38,184 INFO  ExportHelperExtension.cs: 1145 - Found 0 features of type [RefAxis] in GUIDE RAIL^Assem1.STEP-2
2025-04-08 01:55:38,184 INFO  ExportHelperExtension.cs: 1125 - Retrieving features of type [RefAxis] from GUIDE RAIL^Assem1.STEP-7
2025-04-08 01:55:38,184 INFO  ExportHelperExtension.cs: 1136 - Found 24 in GUIDE RAIL^Assem1.STEP-7
2025-04-08 01:55:38,184 INFO  ExportHelperExtension.cs: 1145 - Found 0 features of type [RefAxis] in GUIDE RAIL^Assem1.STEP-7
2025-04-08 01:55:38,184 INFO  ExportHelperExtension.cs: 1125 - Retrieving features of type [RefAxis] from GUIDE RAIL^Assem1.STEP-8
2025-04-08 01:55:38,185 INFO  ExportHelperExtension.cs: 1136 - Found 24 in GUIDE RAIL^Assem1.STEP-8
2025-04-08 01:55:38,185 INFO  ExportHelperExtension.cs: 1145 - Found 0 features of type [RefAxis] in GUIDE RAIL^Assem1.STEP-8
2025-04-08 01:55:38,185 INFO  ExportHelperExtension.cs: 1125 - Retrieving features of type [RefAxis] from CAVITY BLOCK 1^Assem1.STEP-1
2025-04-08 01:55:38,185 INFO  ExportHelperExtension.cs: 1136 - Found 24 in CAVITY BLOCK 1^Assem1.STEP-1
2025-04-08 01:55:38,186 INFO  ExportHelperExtension.cs: 1145 - Found 0 features of type [RefAxis] in CAVITY BLOCK 1^Assem1.STEP-1
2025-04-08 01:55:38,186 INFO  ExportHelperExtension.cs: 1125 - Retrieving features of type [RefAxis] from CAVITY BLOCK 2^Assem1.STEP-1
2025-04-08 01:55:38,186 INFO  ExportHelperExtension.cs: 1136 - Found 24 in CAVITY BLOCK 2^Assem1.STEP-1
2025-04-08 01:55:38,186 INFO  ExportHelperExtension.cs: 1145 - Found 0 features of type [RefAxis] in CAVITY BLOCK 2^Assem1.STEP-1
2025-04-08 01:55:38,187 INFO  ExportHelperExtension.cs: 1125 - Retrieving features of type [RefAxis] from GUIDE RAIL^Assem1.STEP-5
2025-04-08 01:55:38,187 INFO  ExportHelperExtension.cs: 1136 - Found 24 in GUIDE RAIL^Assem1.STEP-5
2025-04-08 01:55:38,187 INFO  ExportHelperExtension.cs: 1145 - Found 0 features of type [RefAxis] in GUIDE RAIL^Assem1.STEP-5
2025-04-08 01:55:38,187 INFO  ExportHelperExtension.cs: 1125 - Retrieving features of type [RefAxis] from BOTTOM PLATE^Assem1.STEP-1
2025-04-08 01:55:38,188 INFO  ExportHelperExtension.cs: 1136 - Found 24 in BOTTOM PLATE^Assem1.STEP-1
2025-04-08 01:55:38,188 INFO  ExportHelperExtension.cs: 1145 - Found 0 features of type [RefAxis] in BOTTOM PLATE^Assem1.STEP-1
2025-04-08 01:55:38,188 INFO  ExportHelperExtension.cs: 1125 - Retrieving features of type [RefAxis] from RISER BLOCK^Assem1.STEP-2
2025-04-08 01:55:38,188 INFO  ExportHelperExtension.cs: 1136 - Found 24 in RISER BLOCK^Assem1.STEP-2
2025-04-08 01:55:38,189 INFO  ExportHelperExtension.cs: 1145 - Found 0 features of type [RefAxis] in RISER BLOCK^Assem1.STEP-2
2025-04-08 01:55:38,189 INFO  ExportHelperExtension.cs: 1125 - Retrieving features of type [RefAxis] from EJ. PIN^Assem1.STEP-1
2025-04-08 01:55:38,189 INFO  ExportHelperExtension.cs: 1136 - Found 24 in EJ. PIN^Assem1.STEP-1
2025-04-08 01:55:38,190 INFO  ExportHelperExtension.cs: 1145 - Found 0 features of type [RefAxis] in EJ. PIN^Assem1.STEP-1
2025-04-08 01:55:38,190 INFO  ExportHelperExtension.cs: 1125 - Retrieving features of type [RefAxis] from EJ PLATE^Assem1.STEP-1
2025-04-08 01:55:38,190 INFO  ExportHelperExtension.cs: 1136 - Found 24 in EJ PLATE^Assem1.STEP-1
2025-04-08 01:55:38,190 INFO  ExportHelperExtension.cs: 1145 - Found 0 features of type [RefAxis] in EJ PLATE^Assem1.STEP-1
2025-04-08 01:55:38,191 INFO  ExportHelperExtension.cs: 1125 - Retrieving features of type [RefAxis] from SUPPORT PLATE^Assem1.STEP-1
2025-04-08 01:55:38,191 INFO  ExportHelperExtension.cs: 1136 - Found 24 in SUPPORT PLATE^Assem1.STEP-1
2025-04-08 01:55:38,191 INFO  ExportHelperExtension.cs: 1145 - Found 0 features of type [RefAxis] in SUPPORT PLATE^Assem1.STEP-1
2025-04-08 01:55:38,191 INFO  ExportHelperExtension.cs: 1125 - Retrieving features of type [RefAxis] from RISER BLOCK^Assem1.STEP-1
2025-04-08 01:55:38,192 INFO  ExportHelperExtension.cs: 1136 - Found 24 in RISER BLOCK^Assem1.STEP-1
2025-04-08 01:55:38,192 INFO  ExportHelperExtension.cs: 1145 - Found 0 features of type [RefAxis] in RISER BLOCK^Assem1.STEP-1
2025-04-08 01:55:38,192 INFO  ExportHelperExtension.cs: 1125 - Retrieving features of type [RefAxis] from CORE^Assem1.STEP-1
2025-04-08 01:55:38,192 INFO  ExportHelperExtension.cs: 1136 - Found 24 in CORE^Assem1.STEP-1
2025-04-08 01:55:38,195 INFO  ExportHelperExtension.cs: 1145 - Found 0 features of type [RefAxis] in CORE^Assem1.STEP-1
2025-04-08 01:55:38,195 INFO  ExportHelperExtension.cs: 1125 - Retrieving features of type [RefAxis] from CAVITY BLOCK 2^Assem1.STEP-2
2025-04-08 01:55:38,215 INFO  ExportHelperExtension.cs: 1136 - Found 24 in CAVITY BLOCK 2^Assem1.STEP-2
2025-04-08 01:55:38,216 INFO  ExportHelperExtension.cs: 1145 - Found 0 features of type [RefAxis] in CAVITY BLOCK 2^Assem1.STEP-2
2025-04-08 01:55:38,216 INFO  ExportHelperExtension.cs: 1125 - Retrieving features of type [RefAxis] from CORE^Assem1.STEP-2
2025-04-08 01:55:38,216 INFO  ExportHelperExtension.cs: 1136 - Found 24 in CORE^Assem1.STEP-2
2025-04-08 01:55:38,217 INFO  ExportHelperExtension.cs: 1145 - Found 0 features of type [RefAxis] in CORE^Assem1.STEP-2
2025-04-08 01:55:38,217 INFO  ExportHelperExtension.cs: 1125 - Retrieving features of type [RefAxis] from EJ BACK PLATE^Assem1.STEP-1
2025-04-08 01:55:38,217 INFO  ExportHelperExtension.cs: 1136 - Found 24 in EJ BACK PLATE^Assem1.STEP-1
2025-04-08 01:55:38,217 INFO  ExportHelperExtension.cs: 1145 - Found 0 features of type [RefAxis] in EJ BACK PLATE^Assem1.STEP-1
2025-04-08 01:55:38,217 INFO  ExportHelperExtension.cs: 1125 - Retrieving features of type [RefAxis] from CAVITY BLOCK 1^Assem1.STEP-2
2025-04-08 01:55:38,218 INFO  ExportHelperExtension.cs: 1136 - Found 24 in CAVITY BLOCK 1^Assem1.STEP-2
2025-04-08 01:55:38,218 INFO  ExportHelperExtension.cs: 1145 - Found 0 features of type [RefAxis] in CAVITY BLOCK 1^Assem1.STEP-2
2025-04-08 01:55:38,218 INFO  ExportHelperExtension.cs: 1125 - Retrieving features of type [RefAxis] from EJ. GUIDE BUSH^Assem1.STEP-1
2025-04-08 01:55:38,218 INFO  ExportHelperExtension.cs: 1136 - Found 24 in EJ. GUIDE BUSH^Assem1.STEP-1
2025-04-08 01:55:38,219 INFO  ExportHelperExtension.cs: 1145 - Found 0 features of type [RefAxis] in EJ. GUIDE BUSH^Assem1.STEP-1
2025-04-08 01:55:38,219 INFO  ExportHelperExtension.cs: 1125 - Retrieving features of type [RefAxis] from EJ. GUIDE PILLKER^Assem1.STEP-1
2025-04-08 01:55:38,219 INFO  ExportHelperExtension.cs: 1136 - Found 24 in EJ. GUIDE PILLKER^Assem1.STEP-1
2025-04-08 01:55:38,219 INFO  ExportHelperExtension.cs: 1145 - Found 0 features of type [RefAxis] in EJ. GUIDE PILLKER^Assem1.STEP-1
2025-04-08 01:55:38,220 INFO  ExportHelperExtension.cs: 1125 - Retrieving features of type [RefAxis] from EJ. PIN^Assem1.STEP-7
2025-04-08 01:55:38,220 INFO  ExportHelperExtension.cs: 1136 - Found 24 in EJ. PIN^Assem1.STEP-7
2025-04-08 01:55:38,220 INFO  ExportHelperExtension.cs: 1145 - Found 0 features of type [RefAxis] in EJ. PIN^Assem1.STEP-7
2025-04-08 01:55:38,220 INFO  ExportHelperExtension.cs: 1125 - Retrieving features of type [RefAxis] from EJ. PIN^Assem1.STEP-6
2025-04-08 01:55:38,221 INFO  ExportHelperExtension.cs: 1136 - Found 24 in EJ. PIN^Assem1.STEP-6
2025-04-08 01:55:38,221 INFO  ExportHelperExtension.cs: 1145 - Found 0 features of type [RefAxis] in EJ. PIN^Assem1.STEP-6
2025-04-08 01:55:38,221 INFO  ExportHelperExtension.cs: 1125 - Retrieving features of type [RefAxis] from EJ. PIN^Assem1.STEP-2
2025-04-08 01:55:38,221 INFO  ExportHelperExtension.cs: 1136 - Found 24 in EJ. PIN^Assem1.STEP-2
2025-04-08 01:55:38,221 INFO  ExportHelperExtension.cs: 1145 - Found 0 features of type [RefAxis] in EJ. PIN^Assem1.STEP-2
2025-04-08 01:55:38,222 INFO  ExportHelperExtension.cs: 1125 - Retrieving features of type [RefAxis] from EJ. PIN^Assem1.STEP-5
2025-04-08 01:55:38,222 INFO  ExportHelperExtension.cs: 1136 - Found 24 in EJ. PIN^Assem1.STEP-5
2025-04-08 01:55:38,222 INFO  ExportHelperExtension.cs: 1145 - Found 0 features of type [RefAxis] in EJ. PIN^Assem1.STEP-5
2025-04-08 01:55:38,222 INFO  ExportHelperExtension.cs: 1125 - Retrieving features of type [RefAxis] from EJ. PIN^Assem1.STEP-4
2025-04-08 01:55:38,223 INFO  ExportHelperExtension.cs: 1136 - Found 24 in EJ. PIN^Assem1.STEP-4
2025-04-08 01:55:38,223 INFO  ExportHelperExtension.cs: 1145 - Found 0 features of type [RefAxis] in EJ. PIN^Assem1.STEP-4
2025-04-08 01:55:38,223 INFO  ExportHelperExtension.cs: 1125 - Retrieving features of type [RefAxis] from EJ. PIN^Assem1.STEP-8
2025-04-08 01:55:38,223 INFO  ExportHelperExtension.cs: 1136 - Found 24 in EJ. PIN^Assem1.STEP-8
2025-04-08 01:55:38,223 INFO  ExportHelperExtension.cs: 1145 - Found 0 features of type [RefAxis] in EJ. PIN^Assem1.STEP-8
2025-04-08 01:55:38,224 INFO  ExportHelperExtension.cs: 1125 - Retrieving features of type [RefAxis] from SUPPORT ROD^Assem1.STEP-1
2025-04-08 01:55:38,224 INFO  ExportHelperExtension.cs: 1136 - Found 24 in SUPPORT ROD^Assem1.STEP-1
2025-04-08 01:55:38,224 INFO  ExportHelperExtension.cs: 1145 - Found 0 features of type [RefAxis] in SUPPORT ROD^Assem1.STEP-1
2025-04-08 01:55:38,224 INFO  ExportHelperExtension.cs: 1125 - Retrieving features of type [RefAxis] from SUPPORT ROD^Assem1.STEP-5
2025-04-08 01:55:38,224 INFO  ExportHelperExtension.cs: 1136 - Found 24 in SUPPORT ROD^Assem1.STEP-5
2025-04-08 01:55:38,225 INFO  ExportHelperExtension.cs: 1145 - Found 0 features of type [RefAxis] in SUPPORT ROD^Assem1.STEP-5
2025-04-08 01:55:38,225 INFO  ExportHelperExtension.cs: 1125 - Retrieving features of type [RefAxis] from SUPPORT ROD^Assem1.STEP-2
2025-04-08 01:55:38,225 INFO  ExportHelperExtension.cs: 1136 - Found 24 in SUPPORT ROD^Assem1.STEP-2
2025-04-08 01:55:38,225 INFO  ExportHelperExtension.cs: 1145 - Found 0 features of type [RefAxis] in SUPPORT ROD^Assem1.STEP-2
2025-04-08 01:55:38,226 INFO  ExportHelperExtension.cs: 1125 - Retrieving features of type [RefAxis] from SUPPORT ROD^Assem1.STEP-6
2025-04-08 01:55:38,226 INFO  ExportHelperExtension.cs: 1136 - Found 24 in SUPPORT ROD^Assem1.STEP-6
2025-04-08 01:55:38,226 INFO  ExportHelperExtension.cs: 1145 - Found 0 features of type [RefAxis] in SUPPORT ROD^Assem1.STEP-6
2025-04-08 01:55:38,226 INFO  ExportHelperExtension.cs: 1125 - Retrieving features of type [RefAxis] from EJ. GUIDE BUSH^Assem1.STEP-4
2025-04-08 01:55:38,226 INFO  ExportHelperExtension.cs: 1136 - Found 24 in EJ. GUIDE BUSH^Assem1.STEP-4
2025-04-08 01:55:38,227 INFO  ExportHelperExtension.cs: 1145 - Found 0 features of type [RefAxis] in EJ. GUIDE BUSH^Assem1.STEP-4
2025-04-08 01:55:38,227 INFO  ExportHelperExtension.cs: 1125 - Retrieving features of type [RefAxis] from EJ. PIN^Assem1.STEP-3
2025-04-08 01:55:38,227 INFO  ExportHelperExtension.cs: 1136 - Found 24 in EJ. PIN^Assem1.STEP-3
2025-04-08 01:55:38,227 INFO  ExportHelperExtension.cs: 1145 - Found 0 features of type [RefAxis] in EJ. PIN^Assem1.STEP-3
2025-04-08 01:55:38,228 INFO  ExportHelperExtension.cs: 1125 - Retrieving features of type [RefAxis] from EJ. GUIDE BUSH^Assem1.STEP-3
2025-04-08 01:55:38,228 INFO  ExportHelperExtension.cs: 1136 - Found 24 in EJ. GUIDE BUSH^Assem1.STEP-3
2025-04-08 01:55:38,228 INFO  ExportHelperExtension.cs: 1145 - Found 0 features of type [RefAxis] in EJ. GUIDE BUSH^Assem1.STEP-3
2025-04-08 01:55:38,228 INFO  ExportHelperExtension.cs: 1125 - Retrieving features of type [RefAxis] from EJ. GUIDE PILLKER^Assem1.STEP-4
2025-04-08 01:55:38,228 INFO  ExportHelperExtension.cs: 1136 - Found 24 in EJ. GUIDE PILLKER^Assem1.STEP-4
2025-04-08 01:55:38,229 INFO  ExportHelperExtension.cs: 1145 - Found 0 features of type [RefAxis] in EJ. GUIDE PILLKER^Assem1.STEP-4
2025-04-08 01:55:38,229 INFO  ExportHelperExtension.cs: 1125 - Retrieving features of type [RefAxis] from EJ. GUIDE PILLKER^Assem1.STEP-2
2025-04-08 01:55:38,229 INFO  ExportHelperExtension.cs: 1136 - Found 24 in EJ. GUIDE PILLKER^Assem1.STEP-2
2025-04-08 01:55:38,229 INFO  ExportHelperExtension.cs: 1145 - Found 0 features of type [RefAxis] in EJ. GUIDE PILLKER^Assem1.STEP-2
2025-04-08 01:55:38,230 INFO  ExportHelperExtension.cs: 1125 - Retrieving features of type [RefAxis] from EJ. GUIDE BUSH^Assem1.STEP-2
2025-04-08 01:55:38,230 INFO  ExportHelperExtension.cs: 1136 - Found 24 in EJ. GUIDE BUSH^Assem1.STEP-2
2025-04-08 01:55:38,230 INFO  ExportHelperExtension.cs: 1145 - Found 0 features of type [RefAxis] in EJ. GUIDE BUSH^Assem1.STEP-2
2025-04-08 01:55:38,230 INFO  ExportHelperExtension.cs: 1125 - Retrieving features of type [RefAxis] from SUPPORT ROD^Assem1.STEP-3
2025-04-08 01:55:38,230 INFO  ExportHelperExtension.cs: 1136 - Found 24 in SUPPORT ROD^Assem1.STEP-3
2025-04-08 01:55:38,231 INFO  ExportHelperExtension.cs: 1145 - Found 0 features of type [RefAxis] in SUPPORT ROD^Assem1.STEP-3
2025-04-08 01:55:38,231 INFO  ExportHelperExtension.cs: 1125 - Retrieving features of type [RefAxis] from EJ. GUIDE PILLKER^Assem1.STEP-3
2025-04-08 01:55:38,231 INFO  ExportHelperExtension.cs: 1136 - Found 24 in EJ. GUIDE PILLKER^Assem1.STEP-3
2025-04-08 01:55:38,231 INFO  ExportHelperExtension.cs: 1145 - Found 0 features of type [RefAxis] in EJ. GUIDE PILLKER^Assem1.STEP-3
2025-04-08 01:55:38,231 INFO  ExportHelperExtension.cs: 1125 - Retrieving features of type [RefAxis] from SUPPORT ROD^Assem1.STEP-4
2025-04-08 01:55:38,232 INFO  ExportHelperExtension.cs: 1136 - Found 24 in SUPPORT ROD^Assem1.STEP-4
2025-04-08 01:55:38,232 INFO  ExportHelperExtension.cs: 1145 - Found 0 features of type [RefAxis] in SUPPORT ROD^Assem1.STEP-4
2025-04-08 01:55:38,232 INFO  ExportHelperExtension.cs: 1125 - Retrieving features of type [RefAxis] from link 3^Assem1.STEP-3
2025-04-08 01:55:38,233 INFO  ExportHelperExtension.cs: 1136 - Found 24 in link 3^Assem1.STEP-3
2025-04-08 01:55:38,233 INFO  ExportHelperExtension.cs: 1145 - Found 0 features of type [RefAxis] in link 3^Assem1.STEP-3
2025-04-08 01:55:38,233 INFO  ExportHelperExtension.cs: 1125 - Retrieving features of type [RefAxis] from link 3^Assem1.STEP-2
2025-04-08 01:55:38,233 INFO  ExportHelperExtension.cs: 1136 - Found 24 in link 3^Assem1.STEP-2
2025-04-08 01:55:38,233 INFO  ExportHelperExtension.cs: 1145 - Found 0 features of type [RefAxis] in link 3^Assem1.STEP-2
2025-04-08 01:55:38,234 INFO  ExportHelperExtension.cs: 1125 - Retrieving features of type [RefAxis] from SUPPORT ROD^Assem1.STEP-7
2025-04-08 01:55:38,234 INFO  ExportHelperExtension.cs: 1136 - Found 24 in SUPPORT ROD^Assem1.STEP-7
2025-04-08 01:55:38,234 INFO  ExportHelperExtension.cs: 1145 - Found 0 features of type [RefAxis] in SUPPORT ROD^Assem1.STEP-7
2025-04-08 01:55:38,234 INFO  ExportHelperExtension.cs: 1125 - Retrieving features of type [RefAxis] from SUPPORT ROD^Assem1.STEP-9
2025-04-08 01:55:38,235 INFO  ExportHelperExtension.cs: 1136 - Found 24 in SUPPORT ROD^Assem1.STEP-9
2025-04-08 01:55:38,235 INFO  ExportHelperExtension.cs: 1145 - Found 0 features of type [RefAxis] in SUPPORT ROD^Assem1.STEP-9
2025-04-08 01:55:38,235 INFO  ExportHelperExtension.cs: 1125 - Retrieving features of type [RefAxis] from cylinder end^Assem1.STEP-1
2025-04-08 01:55:38,235 INFO  ExportHelperExtension.cs: 1136 - Found 25 in cylinder end^Assem1.STEP-1
2025-04-08 01:55:38,236 INFO  ExportHelperExtension.cs: 1145 - Found 0 features of type [RefAxis] in cylinder end^Assem1.STEP-1
2025-04-08 01:55:38,236 INFO  ExportHelperExtension.cs: 1125 - Retrieving features of type [RefAxis] from link 10080^Assem1.STEP-2
2025-04-08 01:55:38,236 INFO  ExportHelperExtension.cs: 1136 - Found 24 in link 10080^Assem1.STEP-2
2025-04-08 01:55:38,236 INFO  ExportHelperExtension.cs: 1145 - Found 0 features of type [RefAxis] in link 10080^Assem1.STEP-2
2025-04-08 01:55:38,236 INFO  ExportHelperExtension.cs: 1125 - Retrieving features of type [RefAxis] from link 10080^Assem1.STEP-1
2025-04-08 01:55:38,237 INFO  ExportHelperExtension.cs: 1136 - Found 24 in link 10080^Assem1.STEP-1
2025-04-08 01:55:38,237 INFO  ExportHelperExtension.cs: 1145 - Found 0 features of type [RefAxis] in link 10080^Assem1.STEP-1
2025-04-08 01:55:38,237 INFO  ExportHelperExtension.cs: 1125 - Retrieving features of type [RefAxis] from link 3^Assem1.STEP-4
2025-04-08 01:55:38,237 INFO  ExportHelperExtension.cs: 1136 - Found 24 in link 3^Assem1.STEP-4
2025-04-08 01:55:38,238 INFO  ExportHelperExtension.cs: 1145 - Found 0 features of type [RefAxis] in link 3^Assem1.STEP-4
2025-04-08 01:55:38,238 INFO  ExportHelperExtension.cs: 1125 - Retrieving features of type [RefAxis] from SUPPORT ROD^Assem1.STEP-10
2025-04-08 01:55:38,238 INFO  ExportHelperExtension.cs: 1136 - Found 24 in SUPPORT ROD^Assem1.STEP-10
2025-04-08 01:55:38,238 INFO  ExportHelperExtension.cs: 1145 - Found 0 features of type [RefAxis] in SUPPORT ROD^Assem1.STEP-10
2025-04-08 01:55:38,239 INFO  ExportHelperExtension.cs: 1125 - Retrieving features of type [RefAxis] from SUPPORT ROD^Assem1.STEP-8
2025-04-08 01:55:38,239 INFO  ExportHelperExtension.cs: 1136 - Found 24 in SUPPORT ROD^Assem1.STEP-8
2025-04-08 01:55:38,239 INFO  ExportHelperExtension.cs: 1145 - Found 0 features of type [RefAxis] in SUPPORT ROD^Assem1.STEP-8
2025-04-08 01:55:38,239 INFO  ExportHelperExtension.cs: 1125 - Retrieving features of type [RefAxis] from SUPPORT ROD^Assem1.STEP-11
2025-04-08 01:55:38,239 INFO  ExportHelperExtension.cs: 1136 - Found 24 in SUPPORT ROD^Assem1.STEP-11
2025-04-08 01:55:38,240 INFO  ExportHelperExtension.cs: 1145 - Found 0 features of type [RefAxis] in SUPPORT ROD^Assem1.STEP-11
2025-04-08 01:55:38,240 INFO  ExportHelperExtension.cs: 1125 - Retrieving features of type [RefAxis] from link 3^Assem1.STEP-1
2025-04-08 01:55:38,240 INFO  ExportHelperExtension.cs: 1136 - Found 24 in link 3^Assem1.STEP-1
2025-04-08 01:55:38,240 INFO  ExportHelperExtension.cs: 1145 - Found 0 features of type [RefAxis] in link 3^Assem1.STEP-1
2025-04-08 01:55:38,240 INFO  ExportHelperExtension.cs: 1125 - Retrieving features of type [RefAxis] from link 10080^Assem1.STEP-4
2025-04-08 01:55:38,241 INFO  ExportHelperExtension.cs: 1136 - Found 24 in link 10080^Assem1.STEP-4
2025-04-08 01:55:38,241 INFO  ExportHelperExtension.cs: 1145 - Found 0 features of type [RefAxis] in link 10080^Assem1.STEP-4
2025-04-08 01:55:38,241 INFO  ExportHelperExtension.cs: 1125 - Retrieving features of type [RefAxis] from link 3^Assem1.STEP-5
2025-04-08 01:55:38,241 INFO  ExportHelperExtension.cs: 1136 - Found 24 in link 3^Assem1.STEP-5
2025-04-08 01:55:38,242 INFO  ExportHelperExtension.cs: 1145 - Found 0 features of type [RefAxis] in link 3^Assem1.STEP-5
2025-04-08 01:55:38,242 INFO  ExportHelperExtension.cs: 1125 - Retrieving features of type [RefAxis] from link 10080^Assem1.STEP-3
2025-04-08 01:55:38,242 INFO  ExportHelperExtension.cs: 1136 - Found 24 in link 10080^Assem1.STEP-3
2025-04-08 01:55:38,242 INFO  ExportHelperExtension.cs: 1145 - Found 0 features of type [RefAxis] in link 10080^Assem1.STEP-3
2025-04-08 01:55:38,243 INFO  ExportHelperExtension.cs: 1125 - Retrieving features of type [RefAxis] from link 3^Assem1.STEP-6
2025-04-08 01:55:38,243 INFO  ExportHelperExtension.cs: 1136 - Found 24 in link 3^Assem1.STEP-6
2025-04-08 01:55:38,243 INFO  ExportHelperExtension.cs: 1145 - Found 0 features of type [RefAxis] in link 3^Assem1.STEP-6
2025-04-08 01:55:38,243 INFO  ExportHelperExtension.cs: 1125 - Retrieving features of type [RefAxis] from small link^Assem1.STEP-3
2025-04-08 01:55:38,244 INFO  ExportHelperExtension.cs: 1136 - Found 24 in small link^Assem1.STEP-3
2025-04-08 01:55:38,244 INFO  ExportHelperExtension.cs: 1145 - Found 0 features of type [RefAxis] in small link^Assem1.STEP-3
2025-04-08 01:55:38,244 INFO  ExportHelperExtension.cs: 1125 - Retrieving features of type [RefAxis] from small link^Assem1.STEP-1
2025-04-08 01:55:38,244 INFO  ExportHelperExtension.cs: 1136 - Found 24 in small link^Assem1.STEP-1
2025-04-08 01:55:38,245 INFO  ExportHelperExtension.cs: 1145 - Found 0 features of type [RefAxis] in small link^Assem1.STEP-1
2025-04-08 01:55:38,245 INFO  ExportHelperExtension.cs: 1125 - Retrieving features of type [RefAxis] from nozzle^Assem1.STEP-1
2025-04-08 01:55:38,245 INFO  ExportHelperExtension.cs: 1136 - Found 24 in nozzle^Assem1.STEP-1
2025-04-08 01:55:38,245 INFO  ExportHelperExtension.cs: 1145 - Found 0 features of type [RefAxis] in nozzle^Assem1.STEP-1
2025-04-08 01:55:38,246 INFO  ExportHelperExtension.cs: 1125 - Retrieving features of type [RefAxis] from small link^Assem1.STEP-2
2025-04-08 01:55:38,246 INFO  ExportHelperExtension.cs: 1136 - Found 24 in small link^Assem1.STEP-2
2025-04-08 01:55:38,246 INFO  ExportHelperExtension.cs: 1145 - Found 0 features of type [RefAxis] in small link^Assem1.STEP-2
2025-04-08 01:55:38,246 INFO  ExportHelperExtension.cs: 1125 - Retrieving features of type [RefAxis] from small link^Assem1.STEP-4
2025-04-08 01:55:38,247 INFO  ExportHelperExtension.cs: 1136 - Found 24 in small link^Assem1.STEP-4
2025-04-08 01:55:38,247 INFO  ExportHelperExtension.cs: 1145 - Found 0 features of type [RefAxis] in small link^Assem1.STEP-4
2025-04-08 01:55:38,441 INFO  SwAddin.cs: 339 - Loading config tree
2025-04-08 01:55:38,445 INFO  ExportPropertyManagerExtension.cs: 520 - Starting new configuration
2025-04-08 01:55:38,448 INFO  SwAddin.cs: 344 - Showing property manager
2025-04-08 01:56:28,668 INFO  ExportPropertyManager.cs: 1136 - OnNumberBoxTrackingCompleted called. This method no longer throws an Exception. It just silently does nothing. Ok, except for this logging message
2025-04-08 01:56:35,252 INFO  ExportPropertyManager.cs: 416 - Configuration canceled
2025-04-08 01:56:35,276 INFO  ExportPropertyManager.cs: 1142 - AfterClose called. This method no longer throws an Exception. It just silently does nothing. Ok, except for this logging message
2025-04-08 02:01:10,104 INFO  SwAddin.cs: 294 - Assembly export called for file Assem1.STEP
2025-04-08 02:01:13,037 INFO  SwAddin.cs: 313 - Saving assembly
2025-04-08 02:01:13,524 INFO  SwAddin.cs: 316 - Opening property manager
2025-04-08 02:01:13,525 INFO  ExportHelperExtension.cs: 1125 - Retrieving features of type [CoordSys] from Assem1.STEP
2025-04-08 02:01:13,525 INFO  ExportHelperExtension.cs: 1136 - Found 134 in Assem1.STEP
2025-04-08 02:01:13,526 INFO  ExportHelperExtension.cs: 1145 - Found 1 features of type [CoordSys] in Assem1.STEP
2025-04-08 02:01:13,526 INFO  ExportHelperExtension.cs: 1148 - Proceeding through assembly components
2025-04-08 02:01:13,526 INFO  ExportHelperExtension.cs: 1160 - 106 components to check
2025-04-08 02:01:13,527 INFO  ExportHelperExtension.cs: 1125 - Retrieving features of type [CoordSys] from moving platten.STEP-1
2025-04-08 02:01:13,527 INFO  ExportHelperExtension.cs: 1136 - Found 24 in moving platten.STEP-1
2025-04-08 02:01:13,527 INFO  ExportHelperExtension.cs: 1145 - Found 0 features of type [CoordSys] in moving platten.STEP-1
2025-04-08 02:01:13,527 INFO  ExportHelperExtension.cs: 1125 - Retrieving features of type [CoordSys] from fixed back^Assem1.STEP-1
2025-04-08 02:01:13,528 INFO  ExportHelperExtension.cs: 1136 - Found 28 in fixed back^Assem1.STEP-1
2025-04-08 02:01:13,528 INFO  ExportHelperExtension.cs: 1145 - Found 0 features of type [CoordSys] in fixed back^Assem1.STEP-1
2025-04-08 02:01:13,528 INFO  ExportHelperExtension.cs: 1125 - Retrieving features of type [CoordSys] from frame^Assem1.STEP-1
2025-04-08 02:01:13,528 INFO  ExportHelperExtension.cs: 1136 - Found 126 in frame^Assem1.STEP-1
2025-04-08 02:01:13,529 INFO  ExportHelperExtension.cs: 1145 - Found 0 features of type [CoordSys] in frame^Assem1.STEP-1
2025-04-08 02:01:13,529 INFO  ExportHelperExtension.cs: 1125 - Retrieving features of type [CoordSys] from DOOR^Assem1.STEP-1
2025-04-08 02:01:13,529 INFO  ExportHelperExtension.cs: 1136 - Found 25 in DOOR^Assem1.STEP-1
2025-04-08 02:01:13,530 INFO  ExportHelperExtension.cs: 1145 - Found 0 features of type [CoordSys] in DOOR^Assem1.STEP-1
2025-04-08 02:01:13,530 INFO  ExportHelperExtension.cs: 1125 - Retrieving features of type [CoordSys] from fixed platten^Assem1.STEP-1
2025-04-08 02:01:13,530 INFO  ExportHelperExtension.cs: 1136 - Found 28 in fixed platten^Assem1.STEP-1
2025-04-08 02:01:13,530 INFO  ExportHelperExtension.cs: 1145 - Found 0 features of type [CoordSys] in fixed platten^Assem1.STEP-1
2025-04-08 02:01:13,531 INFO  ExportHelperExtension.cs: 1125 - Retrieving features of type [CoordSys] from SPRUE BUSH^Assem1.STEP-1
2025-04-08 02:01:13,531 INFO  ExportHelperExtension.cs: 1136 - Found 24 in SPRUE BUSH^Assem1.STEP-1
2025-04-08 02:01:13,531 INFO  ExportHelperExtension.cs: 1145 - Found 0 features of type [CoordSys] in SPRUE BUSH^Assem1.STEP-1
2025-04-08 02:01:13,531 INFO  ExportHelperExtension.cs: 1125 - Retrieving features of type [CoordSys] from DOOR^Assem1.STEP-2
2025-04-08 02:01:13,532 INFO  ExportHelperExtension.cs: 1136 - Found 25 in DOOR^Assem1.STEP-2
2025-04-08 02:01:13,532 INFO  ExportHelperExtension.cs: 1145 - Found 0 features of type [CoordSys] in DOOR^Assem1.STEP-2
2025-04-08 02:01:13,532 INFO  ExportHelperExtension.cs: 1125 - Retrieving features of type [CoordSys] from CAM^Assem1.STEP-1
2025-04-08 02:01:13,532 INFO  ExportHelperExtension.cs: 1136 - Found 24 in CAM^Assem1.STEP-1
2025-04-08 02:01:13,533 INFO  ExportHelperExtension.cs: 1145 - Found 0 features of type [CoordSys] in CAM^Assem1.STEP-1
2025-04-08 02:01:13,533 INFO  ExportHelperExtension.cs: 1125 - Retrieving features of type [CoordSys] from GUIDE PILLER^Assem1.STEP-2
2025-04-08 02:01:13,533 INFO  ExportHelperExtension.cs: 1136 - Found 24 in GUIDE PILLER^Assem1.STEP-2
2025-04-08 02:01:13,533 INFO  ExportHelperExtension.cs: 1145 - Found 0 features of type [CoordSys] in GUIDE PILLER^Assem1.STEP-2
2025-04-08 02:01:13,533 INFO  ExportHelperExtension.cs: 1125 - Retrieving features of type [CoordSys] from CAM HOLDER^Assem1.STEP-2
2025-04-08 02:01:13,534 INFO  ExportHelperExtension.cs: 1136 - Found 24 in CAM HOLDER^Assem1.STEP-2
2025-04-08 02:01:13,534 INFO  ExportHelperExtension.cs: 1145 - Found 0 features of type [CoordSys] in CAM HOLDER^Assem1.STEP-2
2025-04-08 02:01:13,534 INFO  ExportHelperExtension.cs: 1125 - Retrieving features of type [CoordSys] from TOP PLATE^Assem1.STEP-1
2025-04-08 02:01:13,534 INFO  ExportHelperExtension.cs: 1136 - Found 24 in TOP PLATE^Assem1.STEP-1
2025-04-08 02:01:13,535 INFO  ExportHelperExtension.cs: 1145 - Found 0 features of type [CoordSys] in TOP PLATE^Assem1.STEP-1
2025-04-08 02:01:13,535 INFO  ExportHelperExtension.cs: 1125 - Retrieving features of type [CoordSys] from GUIDE PILLER^Assem1.STEP-1
2025-04-08 02:01:13,535 INFO  ExportHelperExtension.cs: 1136 - Found 24 in GUIDE PILLER^Assem1.STEP-1
2025-04-08 02:01:13,535 INFO  ExportHelperExtension.cs: 1145 - Found 0 features of type [CoordSys] in GUIDE PILLER^Assem1.STEP-1
2025-04-08 02:01:13,536 INFO  ExportHelperExtension.cs: 1125 - Retrieving features of type [CoordSys] from CAM HOLDER^Assem1.STEP-8
2025-04-08 02:01:13,536 INFO  ExportHelperExtension.cs: 1136 - Found 24 in CAM HOLDER^Assem1.STEP-8
2025-04-08 02:01:13,536 INFO  ExportHelperExtension.cs: 1145 - Found 0 features of type [CoordSys] in CAM HOLDER^Assem1.STEP-8
2025-04-08 02:01:13,536 INFO  ExportHelperExtension.cs: 1125 - Retrieving features of type [CoordSys] from CAM HOLDER^Assem1.STEP-4
2025-04-08 02:01:13,536 INFO  ExportHelperExtension.cs: 1136 - Found 24 in CAM HOLDER^Assem1.STEP-4
2025-04-08 02:01:13,537 INFO  ExportHelperExtension.cs: 1145 - Found 0 features of type [CoordSys] in CAM HOLDER^Assem1.STEP-4
2025-04-08 02:01:13,537 INFO  ExportHelperExtension.cs: 1125 - Retrieving features of type [CoordSys] from CAM HOLDER^Assem1.STEP-1
2025-04-08 02:01:13,537 INFO  ExportHelperExtension.cs: 1136 - Found 24 in CAM HOLDER^Assem1.STEP-1
2025-04-08 02:01:13,537 INFO  ExportHelperExtension.cs: 1145 - Found 0 features of type [CoordSys] in CAM HOLDER^Assem1.STEP-1
2025-04-08 02:01:13,538 INFO  ExportHelperExtension.cs: 1125 - Retrieving features of type [CoordSys] from GUIDE PILLER^Assem1.STEP-3
2025-04-08 02:01:13,538 INFO  ExportHelperExtension.cs: 1136 - Found 24 in GUIDE PILLER^Assem1.STEP-3
2025-04-08 02:01:13,538 INFO  ExportHelperExtension.cs: 1145 - Found 0 features of type [CoordSys] in GUIDE PILLER^Assem1.STEP-3
2025-04-08 02:01:13,538 INFO  ExportHelperExtension.cs: 1125 - Retrieving features of type [CoordSys] from LOCATING RING^Assem1.STEP-1
2025-04-08 02:01:13,538 INFO  ExportHelperExtension.cs: 1136 - Found 24 in LOCATING RING^Assem1.STEP-1
2025-04-08 02:01:13,539 INFO  ExportHelperExtension.cs: 1145 - Found 0 features of type [CoordSys] in LOCATING RING^Assem1.STEP-1
2025-04-08 02:01:13,539 INFO  ExportHelperExtension.cs: 1125 - Retrieving features of type [CoordSys] from GUIDE PILLER^Assem1.STEP-4
2025-04-08 02:01:13,539 INFO  ExportHelperExtension.cs: 1136 - Found 24 in GUIDE PILLER^Assem1.STEP-4
2025-04-08 02:01:13,539 INFO  ExportHelperExtension.cs: 1145 - Found 0 features of type [CoordSys] in GUIDE PILLER^Assem1.STEP-4
2025-04-08 02:01:13,540 INFO  ExportHelperExtension.cs: 1125 - Retrieving features of type [CoordSys] from CAM HOLDER^Assem1.STEP-5
2025-04-08 02:01:13,540 INFO  ExportHelperExtension.cs: 1136 - Found 24 in CAM HOLDER^Assem1.STEP-5
2025-04-08 02:01:13,540 INFO  ExportHelperExtension.cs: 1145 - Found 0 features of type [CoordSys] in CAM HOLDER^Assem1.STEP-5
2025-04-08 02:01:13,540 INFO  ExportHelperExtension.cs: 1125 - Retrieving features of type [CoordSys] from CAVITY PLATE^Assem1.STEP-1
2025-04-08 02:01:13,540 INFO  ExportHelperExtension.cs: 1136 - Found 24 in CAVITY PLATE^Assem1.STEP-1
2025-04-08 02:01:13,541 INFO  ExportHelperExtension.cs: 1145 - Found 0 features of type [CoordSys] in CAVITY PLATE^Assem1.STEP-1
2025-04-08 02:01:13,541 INFO  ExportHelperExtension.cs: 1125 - Retrieving features of type [CoordSys] from CAM HOLDER^Assem1.STEP-7
2025-04-08 02:01:13,541 INFO  ExportHelperExtension.cs: 1136 - Found 24 in CAM HOLDER^Assem1.STEP-7
2025-04-08 02:01:13,541 INFO  ExportHelperExtension.cs: 1145 - Found 0 features of type [CoordSys] in CAM HOLDER^Assem1.STEP-7
2025-04-08 02:01:13,542 INFO  ExportHelperExtension.cs: 1125 - Retrieving features of type [CoordSys] from CAM HOLDER^Assem1.STEP-3
2025-04-08 02:01:13,542 INFO  ExportHelperExtension.cs: 1136 - Found 24 in CAM HOLDER^Assem1.STEP-3
2025-04-08 02:01:13,542 INFO  ExportHelperExtension.cs: 1145 - Found 0 features of type [CoordSys] in CAM HOLDER^Assem1.STEP-3
2025-04-08 02:01:13,542 INFO  ExportHelperExtension.cs: 1125 - Retrieving features of type [CoordSys] from CAM^Assem1.STEP-6
2025-04-08 02:01:13,542 INFO  ExportHelperExtension.cs: 1136 - Found 24 in CAM^Assem1.STEP-6
2025-04-08 02:01:13,543 INFO  ExportHelperExtension.cs: 1145 - Found 0 features of type [CoordSys] in CAM^Assem1.STEP-6
2025-04-08 02:01:13,543 INFO  ExportHelperExtension.cs: 1125 - Retrieving features of type [CoordSys] from CAM HOLDER^Assem1.STEP-6
2025-04-08 02:01:13,543 INFO  ExportHelperExtension.cs: 1136 - Found 24 in CAM HOLDER^Assem1.STEP-6
2025-04-08 02:01:13,543 INFO  ExportHelperExtension.cs: 1145 - Found 0 features of type [CoordSys] in CAM HOLDER^Assem1.STEP-6
2025-04-08 02:01:13,544 INFO  ExportHelperExtension.cs: 1125 - Retrieving features of type [CoordSys] from CAM^Assem1.STEP-7
2025-04-08 02:01:13,544 INFO  ExportHelperExtension.cs: 1136 - Found 24 in CAM^Assem1.STEP-7
2025-04-08 02:01:13,544 INFO  ExportHelperExtension.cs: 1145 - Found 0 features of type [CoordSys] in CAM^Assem1.STEP-7
2025-04-08 02:01:13,544 INFO  ExportHelperExtension.cs: 1125 - Retrieving features of type [CoordSys] from CAM^Assem1.STEP-4
2025-04-08 02:01:13,545 INFO  ExportHelperExtension.cs: 1136 - Found 24 in CAM^Assem1.STEP-4
2025-04-08 02:01:13,545 INFO  ExportHelperExtension.cs: 1145 - Found 0 features of type [CoordSys] in CAM^Assem1.STEP-4
2025-04-08 02:01:13,545 INFO  ExportHelperExtension.cs: 1125 - Retrieving features of type [CoordSys] from CAM^Assem1.STEP-2
2025-04-08 02:01:13,545 INFO  ExportHelperExtension.cs: 1136 - Found 24 in CAM^Assem1.STEP-2
2025-04-08 02:01:13,545 INFO  ExportHelperExtension.cs: 1145 - Found 0 features of type [CoordSys] in CAM^Assem1.STEP-2
2025-04-08 02:01:13,546 INFO  ExportHelperExtension.cs: 1125 - Retrieving features of type [CoordSys] from CAM^Assem1.STEP-5
2025-04-08 02:01:13,546 INFO  ExportHelperExtension.cs: 1136 - Found 24 in CAM^Assem1.STEP-5
2025-04-08 02:01:13,546 INFO  ExportHelperExtension.cs: 1145 - Found 0 features of type [CoordSys] in CAM^Assem1.STEP-5
2025-04-08 02:01:13,546 INFO  ExportHelperExtension.cs: 1125 - Retrieving features of type [CoordSys] from WEDGE BLOCK^Assem1.STEP-3
2025-04-08 02:01:13,547 INFO  ExportHelperExtension.cs: 1136 - Found 24 in WEDGE BLOCK^Assem1.STEP-3
2025-04-08 02:01:13,547 INFO  ExportHelperExtension.cs: 1145 - Found 0 features of type [CoordSys] in WEDGE BLOCK^Assem1.STEP-3
2025-04-08 02:01:13,547 INFO  ExportHelperExtension.cs: 1125 - Retrieving features of type [CoordSys] from WEDGE BLOCK PLATE^Assem1.STEP-2
2025-04-08 02:01:13,547 INFO  ExportHelperExtension.cs: 1136 - Found 24 in WEDGE BLOCK PLATE^Assem1.STEP-2
2025-04-08 02:01:13,547 INFO  ExportHelperExtension.cs: 1145 - Found 0 features of type [CoordSys] in WEDGE BLOCK PLATE^Assem1.STEP-2
2025-04-08 02:01:13,548 INFO  ExportHelperExtension.cs: 1125 - Retrieving features of type [CoordSys] from WEDGE BLOCK PLATE^Assem1.STEP-4
2025-04-08 02:01:13,548 INFO  ExportHelperExtension.cs: 1136 - Found 24 in WEDGE BLOCK PLATE^Assem1.STEP-4
2025-04-08 02:01:13,548 INFO  ExportHelperExtension.cs: 1145 - Found 0 features of type [CoordSys] in WEDGE BLOCK PLATE^Assem1.STEP-4
2025-04-08 02:01:13,548 INFO  ExportHelperExtension.cs: 1125 - Retrieving features of type [CoordSys] from GUIDE BUSH^Assem1.STEP-2
2025-04-08 02:01:13,549 INFO  ExportHelperExtension.cs: 1136 - Found 24 in GUIDE BUSH^Assem1.STEP-2
2025-04-08 02:01:13,549 INFO  ExportHelperExtension.cs: 1145 - Found 0 features of type [CoordSys] in GUIDE BUSH^Assem1.STEP-2
2025-04-08 02:01:13,549 INFO  ExportHelperExtension.cs: 1125 - Retrieving features of type [CoordSys] from GUIDE BUSH^Assem1.STEP-4
2025-04-08 02:01:13,549 INFO  ExportHelperExtension.cs: 1136 - Found 24 in GUIDE BUSH^Assem1.STEP-4
2025-04-08 02:01:13,550 INFO  ExportHelperExtension.cs: 1145 - Found 0 features of type [CoordSys] in GUIDE BUSH^Assem1.STEP-4
2025-04-08 02:01:13,550 INFO  ExportHelperExtension.cs: 1125 - Retrieving features of type [CoordSys] from CAM^Assem1.STEP-3
2025-04-08 02:01:13,550 INFO  ExportHelperExtension.cs: 1136 - Found 24 in CAM^Assem1.STEP-3
2025-04-08 02:01:13,550 INFO  ExportHelperExtension.cs: 1145 - Found 0 features of type [CoordSys] in CAM^Assem1.STEP-3
2025-04-08 02:01:13,550 INFO  ExportHelperExtension.cs: 1125 - Retrieving features of type [CoordSys] from CAM^Assem1.STEP-8
2025-04-08 02:01:13,551 INFO  ExportHelperExtension.cs: 1136 - Found 24 in CAM^Assem1.STEP-8
2025-04-08 02:01:13,551 INFO  ExportHelperExtension.cs: 1145 - Found 0 features of type [CoordSys] in CAM^Assem1.STEP-8
2025-04-08 02:01:13,551 INFO  ExportHelperExtension.cs: 1125 - Retrieving features of type [CoordSys] from WEDGE BLOCK^Assem1.STEP-1
2025-04-08 02:01:13,551 INFO  ExportHelperExtension.cs: 1136 - Found 24 in WEDGE BLOCK^Assem1.STEP-1
2025-04-08 02:01:13,552 INFO  ExportHelperExtension.cs: 1145 - Found 0 features of type [CoordSys] in WEDGE BLOCK^Assem1.STEP-1
2025-04-08 02:01:13,552 INFO  ExportHelperExtension.cs: 1125 - Retrieving features of type [CoordSys] from WEDGE BLOCK PLATE^Assem1.STEP-1
2025-04-08 02:01:13,552 INFO  ExportHelperExtension.cs: 1136 - Found 24 in WEDGE BLOCK PLATE^Assem1.STEP-1
2025-04-08 02:01:13,552 INFO  ExportHelperExtension.cs: 1145 - Found 0 features of type [CoordSys] in WEDGE BLOCK PLATE^Assem1.STEP-1
2025-04-08 02:01:13,553 INFO  ExportHelperExtension.cs: 1125 - Retrieving features of type [CoordSys] from WEDGE BLOCK^Assem1.STEP-2
2025-04-08 02:01:13,553 INFO  ExportHelperExtension.cs: 1136 - Found 24 in WEDGE BLOCK^Assem1.STEP-2
2025-04-08 02:01:13,553 INFO  ExportHelperExtension.cs: 1145 - Found 0 features of type [CoordSys] in WEDGE BLOCK^Assem1.STEP-2
2025-04-08 02:01:13,553 INFO  ExportHelperExtension.cs: 1125 - Retrieving features of type [CoordSys] from WEDGE BLOCK^Assem1.STEP-4
2025-04-08 02:01:13,554 INFO  ExportHelperExtension.cs: 1136 - Found 24 in WEDGE BLOCK^Assem1.STEP-4
2025-04-08 02:01:13,554 INFO  ExportHelperExtension.cs: 1145 - Found 0 features of type [CoordSys] in WEDGE BLOCK^Assem1.STEP-4
2025-04-08 02:01:13,554 INFO  ExportHelperExtension.cs: 1125 - Retrieving features of type [CoordSys] from GUIDE BUSH^Assem1.STEP-1
2025-04-08 02:01:13,554 INFO  ExportHelperExtension.cs: 1136 - Found 24 in GUIDE BUSH^Assem1.STEP-1
2025-04-08 02:01:13,555 INFO  ExportHelperExtension.cs: 1145 - Found 0 features of type [CoordSys] in GUIDE BUSH^Assem1.STEP-1
2025-04-08 02:01:13,555 INFO  ExportHelperExtension.cs: 1125 - Retrieving features of type [CoordSys] from WEDGE BLOCK PLATE^Assem1.STEP-3
2025-04-08 02:01:13,555 INFO  ExportHelperExtension.cs: 1136 - Found 24 in WEDGE BLOCK PLATE^Assem1.STEP-3
2025-04-08 02:01:13,555 INFO  ExportHelperExtension.cs: 1145 - Found 0 features of type [CoordSys] in WEDGE BLOCK PLATE^Assem1.STEP-3
2025-04-08 02:01:13,555 INFO  ExportHelperExtension.cs: 1125 - Retrieving features of type [CoordSys] from GUIDE RAIL^Assem1.STEP-1
2025-04-08 02:01:13,556 INFO  ExportHelperExtension.cs: 1136 - Found 24 in GUIDE RAIL^Assem1.STEP-1
2025-04-08 02:01:13,556 INFO  ExportHelperExtension.cs: 1145 - Found 0 features of type [CoordSys] in GUIDE RAIL^Assem1.STEP-1
2025-04-08 02:01:13,556 INFO  ExportHelperExtension.cs: 1125 - Retrieving features of type [CoordSys] from CORE PLATE^Assem1.STEP-1
2025-04-08 02:01:13,557 INFO  ExportHelperExtension.cs: 1136 - Found 24 in CORE PLATE^Assem1.STEP-1
2025-04-08 02:01:13,557 INFO  ExportHelperExtension.cs: 1145 - Found 0 features of type [CoordSys] in CORE PLATE^Assem1.STEP-1
2025-04-08 02:01:13,557 INFO  ExportHelperExtension.cs: 1125 - Retrieving features of type [CoordSys] from GUIDE BUSH^Assem1.STEP-3
2025-04-08 02:01:13,557 INFO  ExportHelperExtension.cs: 1136 - Found 24 in GUIDE BUSH^Assem1.STEP-3
2025-04-08 02:01:13,557 INFO  ExportHelperExtension.cs: 1145 - Found 0 features of type [CoordSys] in GUIDE BUSH^Assem1.STEP-3
2025-04-08 02:01:13,558 INFO  ExportHelperExtension.cs: 1125 - Retrieving features of type [CoordSys] from GUIDE RAIL^Assem1.STEP-3
2025-04-08 02:01:13,558 INFO  ExportHelperExtension.cs: 1136 - Found 24 in GUIDE RAIL^Assem1.STEP-3
2025-04-08 02:01:13,558 INFO  ExportHelperExtension.cs: 1145 - Found 0 features of type [CoordSys] in GUIDE RAIL^Assem1.STEP-3
2025-04-08 02:01:13,558 INFO  ExportHelperExtension.cs: 1125 - Retrieving features of type [CoordSys] from GUIDE RAIL^Assem1.STEP-4
2025-04-08 02:01:13,559 INFO  ExportHelperExtension.cs: 1136 - Found 24 in GUIDE RAIL^Assem1.STEP-4
2025-04-08 02:01:13,559 INFO  ExportHelperExtension.cs: 1145 - Found 0 features of type [CoordSys] in GUIDE RAIL^Assem1.STEP-4
2025-04-08 02:01:13,559 INFO  ExportHelperExtension.cs: 1125 - Retrieving features of type [CoordSys] from GUIDE RAIL^Assem1.STEP-6
2025-04-08 02:01:13,559 INFO  ExportHelperExtension.cs: 1136 - Found 24 in GUIDE RAIL^Assem1.STEP-6
2025-04-08 02:01:13,560 INFO  ExportHelperExtension.cs: 1145 - Found 0 features of type [CoordSys] in GUIDE RAIL^Assem1.STEP-6
2025-04-08 02:01:13,560 INFO  ExportHelperExtension.cs: 1125 - Retrieving features of type [CoordSys] from GUIDE RAIL^Assem1.STEP-2
2025-04-08 02:01:13,560 INFO  ExportHelperExtension.cs: 1136 - Found 24 in GUIDE RAIL^Assem1.STEP-2
2025-04-08 02:01:13,569 INFO  ExportHelperExtension.cs: 1145 - Found 0 features of type [CoordSys] in GUIDE RAIL^Assem1.STEP-2
2025-04-08 02:01:13,569 INFO  ExportHelperExtension.cs: 1125 - Retrieving features of type [CoordSys] from GUIDE RAIL^Assem1.STEP-7
2025-04-08 02:01:13,570 INFO  ExportHelperExtension.cs: 1136 - Found 24 in GUIDE RAIL^Assem1.STEP-7
2025-04-08 02:01:13,570 INFO  ExportHelperExtension.cs: 1145 - Found 0 features of type [CoordSys] in GUIDE RAIL^Assem1.STEP-7
2025-04-08 02:01:13,570 INFO  ExportHelperExtension.cs: 1125 - Retrieving features of type [CoordSys] from GUIDE RAIL^Assem1.STEP-8
2025-04-08 02:01:13,571 INFO  ExportHelperExtension.cs: 1136 - Found 24 in GUIDE RAIL^Assem1.STEP-8
2025-04-08 02:01:13,571 INFO  ExportHelperExtension.cs: 1145 - Found 0 features of type [CoordSys] in GUIDE RAIL^Assem1.STEP-8
2025-04-08 02:01:13,571 INFO  ExportHelperExtension.cs: 1125 - Retrieving features of type [CoordSys] from CAVITY BLOCK 1^Assem1.STEP-1
2025-04-08 02:01:13,587 INFO  ExportHelperExtension.cs: 1136 - Found 24 in CAVITY BLOCK 1^Assem1.STEP-1
2025-04-08 02:01:13,587 INFO  ExportHelperExtension.cs: 1145 - Found 0 features of type [CoordSys] in CAVITY BLOCK 1^Assem1.STEP-1
2025-04-08 02:01:13,588 INFO  ExportHelperExtension.cs: 1125 - Retrieving features of type [CoordSys] from CAVITY BLOCK 2^Assem1.STEP-1
2025-04-08 02:01:13,588 INFO  ExportHelperExtension.cs: 1136 - Found 24 in CAVITY BLOCK 2^Assem1.STEP-1
2025-04-08 02:01:13,588 INFO  ExportHelperExtension.cs: 1145 - Found 0 features of type [CoordSys] in CAVITY BLOCK 2^Assem1.STEP-1
2025-04-08 02:01:13,589 INFO  ExportHelperExtension.cs: 1125 - Retrieving features of type [CoordSys] from GUIDE RAIL^Assem1.STEP-5
2025-04-08 02:01:13,589 INFO  ExportHelperExtension.cs: 1136 - Found 24 in GUIDE RAIL^Assem1.STEP-5
2025-04-08 02:01:13,589 INFO  ExportHelperExtension.cs: 1145 - Found 0 features of type [CoordSys] in GUIDE RAIL^Assem1.STEP-5
2025-04-08 02:01:13,589 INFO  ExportHelperExtension.cs: 1125 - Retrieving features of type [CoordSys] from BOTTOM PLATE^Assem1.STEP-1
2025-04-08 02:01:13,590 INFO  ExportHelperExtension.cs: 1136 - Found 24 in BOTTOM PLATE^Assem1.STEP-1
2025-04-08 02:01:13,590 INFO  ExportHelperExtension.cs: 1145 - Found 0 features of type [CoordSys] in BOTTOM PLATE^Assem1.STEP-1
2025-04-08 02:01:13,590 INFO  ExportHelperExtension.cs: 1125 - Retrieving features of type [CoordSys] from RISER BLOCK^Assem1.STEP-2
2025-04-08 02:01:13,590 INFO  ExportHelperExtension.cs: 1136 - Found 24 in RISER BLOCK^Assem1.STEP-2
2025-04-08 02:01:13,591 INFO  ExportHelperExtension.cs: 1145 - Found 0 features of type [CoordSys] in RISER BLOCK^Assem1.STEP-2
2025-04-08 02:01:13,591 INFO  ExportHelperExtension.cs: 1125 - Retrieving features of type [CoordSys] from EJ. PIN^Assem1.STEP-1
2025-04-08 02:01:13,591 INFO  ExportHelperExtension.cs: 1136 - Found 24 in EJ. PIN^Assem1.STEP-1
2025-04-08 02:01:13,592 INFO  ExportHelperExtension.cs: 1145 - Found 0 features of type [CoordSys] in EJ. PIN^Assem1.STEP-1
2025-04-08 02:01:13,592 INFO  ExportHelperExtension.cs: 1125 - Retrieving features of type [CoordSys] from EJ PLATE^Assem1.STEP-1
2025-04-08 02:01:13,592 INFO  ExportHelperExtension.cs: 1136 - Found 24 in EJ PLATE^Assem1.STEP-1
2025-04-08 02:01:13,592 INFO  ExportHelperExtension.cs: 1145 - Found 0 features of type [CoordSys] in EJ PLATE^Assem1.STEP-1
2025-04-08 02:01:13,592 INFO  ExportHelperExtension.cs: 1125 - Retrieving features of type [CoordSys] from SUPPORT PLATE^Assem1.STEP-1
2025-04-08 02:01:13,593 INFO  ExportHelperExtension.cs: 1136 - Found 24 in SUPPORT PLATE^Assem1.STEP-1
2025-04-08 02:01:13,593 INFO  ExportHelperExtension.cs: 1145 - Found 0 features of type [CoordSys] in SUPPORT PLATE^Assem1.STEP-1
2025-04-08 02:01:13,593 INFO  ExportHelperExtension.cs: 1125 - Retrieving features of type [CoordSys] from RISER BLOCK^Assem1.STEP-1
2025-04-08 02:01:13,593 INFO  ExportHelperExtension.cs: 1136 - Found 24 in RISER BLOCK^Assem1.STEP-1
2025-04-08 02:01:13,594 INFO  ExportHelperExtension.cs: 1145 - Found 0 features of type [CoordSys] in RISER BLOCK^Assem1.STEP-1
2025-04-08 02:01:13,594 INFO  ExportHelperExtension.cs: 1125 - Retrieving features of type [CoordSys] from CORE^Assem1.STEP-1
2025-04-08 02:01:13,594 INFO  ExportHelperExtension.cs: 1136 - Found 24 in CORE^Assem1.STEP-1
2025-04-08 02:01:13,595 INFO  ExportHelperExtension.cs: 1145 - Found 0 features of type [CoordSys] in CORE^Assem1.STEP-1
2025-04-08 02:01:13,595 INFO  ExportHelperExtension.cs: 1125 - Retrieving features of type [CoordSys] from CAVITY BLOCK 2^Assem1.STEP-2
2025-04-08 02:01:13,595 INFO  ExportHelperExtension.cs: 1136 - Found 24 in CAVITY BLOCK 2^Assem1.STEP-2
2025-04-08 02:01:13,595 INFO  ExportHelperExtension.cs: 1145 - Found 0 features of type [CoordSys] in CAVITY BLOCK 2^Assem1.STEP-2
2025-04-08 02:01:13,595 INFO  ExportHelperExtension.cs: 1125 - Retrieving features of type [CoordSys] from CORE^Assem1.STEP-2
2025-04-08 02:01:13,596 INFO  ExportHelperExtension.cs: 1136 - Found 24 in CORE^Assem1.STEP-2
2025-04-08 02:01:13,596 INFO  ExportHelperExtension.cs: 1145 - Found 0 features of type [CoordSys] in CORE^Assem1.STEP-2
2025-04-08 02:01:13,596 INFO  ExportHelperExtension.cs: 1125 - Retrieving features of type [CoordSys] from EJ BACK PLATE^Assem1.STEP-1
2025-04-08 02:01:13,596 INFO  ExportHelperExtension.cs: 1136 - Found 24 in EJ BACK PLATE^Assem1.STEP-1
2025-04-08 02:01:13,597 INFO  ExportHelperExtension.cs: 1145 - Found 0 features of type [CoordSys] in EJ BACK PLATE^Assem1.STEP-1
2025-04-08 02:01:13,597 INFO  ExportHelperExtension.cs: 1125 - Retrieving features of type [CoordSys] from CAVITY BLOCK 1^Assem1.STEP-2
2025-04-08 02:01:13,597 INFO  ExportHelperExtension.cs: 1136 - Found 24 in CAVITY BLOCK 1^Assem1.STEP-2
2025-04-08 02:01:13,597 INFO  ExportHelperExtension.cs: 1145 - Found 0 features of type [CoordSys] in CAVITY BLOCK 1^Assem1.STEP-2
2025-04-08 02:01:13,598 INFO  ExportHelperExtension.cs: 1125 - Retrieving features of type [CoordSys] from EJ. GUIDE BUSH^Assem1.STEP-1
2025-04-08 02:01:13,598 INFO  ExportHelperExtension.cs: 1136 - Found 24 in EJ. GUIDE BUSH^Assem1.STEP-1
2025-04-08 02:01:13,598 INFO  ExportHelperExtension.cs: 1145 - Found 0 features of type [CoordSys] in EJ. GUIDE BUSH^Assem1.STEP-1
2025-04-08 02:01:13,598 INFO  ExportHelperExtension.cs: 1125 - Retrieving features of type [CoordSys] from EJ. GUIDE PILLKER^Assem1.STEP-1
2025-04-08 02:01:13,599 INFO  ExportHelperExtension.cs: 1136 - Found 24 in EJ. GUIDE PILLKER^Assem1.STEP-1
2025-04-08 02:01:13,599 INFO  ExportHelperExtension.cs: 1145 - Found 0 features of type [CoordSys] in EJ. GUIDE PILLKER^Assem1.STEP-1
2025-04-08 02:01:13,599 INFO  ExportHelperExtension.cs: 1125 - Retrieving features of type [CoordSys] from EJ. PIN^Assem1.STEP-7
2025-04-08 02:01:13,599 INFO  ExportHelperExtension.cs: 1136 - Found 24 in EJ. PIN^Assem1.STEP-7
2025-04-08 02:01:13,600 INFO  ExportHelperExtension.cs: 1145 - Found 0 features of type [CoordSys] in EJ. PIN^Assem1.STEP-7
2025-04-08 02:01:13,600 INFO  ExportHelperExtension.cs: 1125 - Retrieving features of type [CoordSys] from EJ. PIN^Assem1.STEP-6
2025-04-08 02:01:13,600 INFO  ExportHelperExtension.cs: 1136 - Found 24 in EJ. PIN^Assem1.STEP-6
2025-04-08 02:01:13,600 INFO  ExportHelperExtension.cs: 1145 - Found 0 features of type [CoordSys] in EJ. PIN^Assem1.STEP-6
2025-04-08 02:01:13,601 INFO  ExportHelperExtension.cs: 1125 - Retrieving features of type [CoordSys] from EJ. PIN^Assem1.STEP-2
2025-04-08 02:01:13,601 INFO  ExportHelperExtension.cs: 1136 - Found 24 in EJ. PIN^Assem1.STEP-2
2025-04-08 02:01:13,601 INFO  ExportHelperExtension.cs: 1145 - Found 0 features of type [CoordSys] in EJ. PIN^Assem1.STEP-2
2025-04-08 02:01:13,601 INFO  ExportHelperExtension.cs: 1125 - Retrieving features of type [CoordSys] from EJ. PIN^Assem1.STEP-5
2025-04-08 02:01:13,602 INFO  ExportHelperExtension.cs: 1136 - Found 24 in EJ. PIN^Assem1.STEP-5
2025-04-08 02:01:13,602 INFO  ExportHelperExtension.cs: 1145 - Found 0 features of type [CoordSys] in EJ. PIN^Assem1.STEP-5
2025-04-08 02:01:13,602 INFO  ExportHelperExtension.cs: 1125 - Retrieving features of type [CoordSys] from EJ. PIN^Assem1.STEP-4
2025-04-08 02:01:13,602 INFO  ExportHelperExtension.cs: 1136 - Found 24 in EJ. PIN^Assem1.STEP-4
2025-04-08 02:01:13,603 INFO  ExportHelperExtension.cs: 1145 - Found 0 features of type [CoordSys] in EJ. PIN^Assem1.STEP-4
2025-04-08 02:01:13,603 INFO  ExportHelperExtension.cs: 1125 - Retrieving features of type [CoordSys] from EJ. PIN^Assem1.STEP-8
2025-04-08 02:01:13,603 INFO  ExportHelperExtension.cs: 1136 - Found 24 in EJ. PIN^Assem1.STEP-8
2025-04-08 02:01:13,603 INFO  ExportHelperExtension.cs: 1145 - Found 0 features of type [CoordSys] in EJ. PIN^Assem1.STEP-8
2025-04-08 02:01:13,604 INFO  ExportHelperExtension.cs: 1125 - Retrieving features of type [CoordSys] from SUPPORT ROD^Assem1.STEP-1
2025-04-08 02:01:13,604 INFO  ExportHelperExtension.cs: 1136 - Found 24 in SUPPORT ROD^Assem1.STEP-1
2025-04-08 02:01:13,604 INFO  ExportHelperExtension.cs: 1145 - Found 0 features of type [CoordSys] in SUPPORT ROD^Assem1.STEP-1
2025-04-08 02:01:13,604 INFO  ExportHelperExtension.cs: 1125 - Retrieving features of type [CoordSys] from SUPPORT ROD^Assem1.STEP-5
2025-04-08 02:01:13,605 INFO  ExportHelperExtension.cs: 1136 - Found 24 in SUPPORT ROD^Assem1.STEP-5
2025-04-08 02:01:13,605 INFO  ExportHelperExtension.cs: 1145 - Found 0 features of type [CoordSys] in SUPPORT ROD^Assem1.STEP-5
2025-04-08 02:01:13,605 INFO  ExportHelperExtension.cs: 1125 - Retrieving features of type [CoordSys] from SUPPORT ROD^Assem1.STEP-2
2025-04-08 02:01:13,605 INFO  ExportHelperExtension.cs: 1136 - Found 24 in SUPPORT ROD^Assem1.STEP-2
2025-04-08 02:01:13,606 INFO  ExportHelperExtension.cs: 1145 - Found 0 features of type [CoordSys] in SUPPORT ROD^Assem1.STEP-2
2025-04-08 02:01:13,606 INFO  ExportHelperExtension.cs: 1125 - Retrieving features of type [CoordSys] from SUPPORT ROD^Assem1.STEP-6
2025-04-08 02:01:13,606 INFO  ExportHelperExtension.cs: 1136 - Found 24 in SUPPORT ROD^Assem1.STEP-6
2025-04-08 02:01:13,606 INFO  ExportHelperExtension.cs: 1145 - Found 0 features of type [CoordSys] in SUPPORT ROD^Assem1.STEP-6
2025-04-08 02:01:13,607 INFO  ExportHelperExtension.cs: 1125 - Retrieving features of type [CoordSys] from EJ. GUIDE BUSH^Assem1.STEP-4
2025-04-08 02:01:13,607 INFO  ExportHelperExtension.cs: 1136 - Found 24 in EJ. GUIDE BUSH^Assem1.STEP-4
2025-04-08 02:01:13,607 INFO  ExportHelperExtension.cs: 1145 - Found 0 features of type [CoordSys] in EJ. GUIDE BUSH^Assem1.STEP-4
2025-04-08 02:01:13,607 INFO  ExportHelperExtension.cs: 1125 - Retrieving features of type [CoordSys] from EJ. PIN^Assem1.STEP-3
2025-04-08 02:01:13,607 INFO  ExportHelperExtension.cs: 1136 - Found 24 in EJ. PIN^Assem1.STEP-3
2025-04-08 02:01:13,607 INFO  ExportHelperExtension.cs: 1145 - Found 0 features of type [CoordSys] in EJ. PIN^Assem1.STEP-3
2025-04-08 02:01:13,608 INFO  ExportHelperExtension.cs: 1125 - Retrieving features of type [CoordSys] from EJ. GUIDE BUSH^Assem1.STEP-3
2025-04-08 02:01:13,608 INFO  ExportHelperExtension.cs: 1136 - Found 24 in EJ. GUIDE BUSH^Assem1.STEP-3
2025-04-08 02:01:13,609 INFO  ExportHelperExtension.cs: 1145 - Found 0 features of type [CoordSys] in EJ. GUIDE BUSH^Assem1.STEP-3
2025-04-08 02:01:13,609 INFO  ExportHelperExtension.cs: 1125 - Retrieving features of type [CoordSys] from EJ. GUIDE PILLKER^Assem1.STEP-4
2025-04-08 02:01:13,609 INFO  ExportHelperExtension.cs: 1136 - Found 24 in EJ. GUIDE PILLKER^Assem1.STEP-4
2025-04-08 02:01:13,609 INFO  ExportHelperExtension.cs: 1145 - Found 0 features of type [CoordSys] in EJ. GUIDE PILLKER^Assem1.STEP-4
2025-04-08 02:01:13,610 INFO  ExportHelperExtension.cs: 1125 - Retrieving features of type [CoordSys] from EJ. GUIDE PILLKER^Assem1.STEP-2
2025-04-08 02:01:13,610 INFO  ExportHelperExtension.cs: 1136 - Found 24 in EJ. GUIDE PILLKER^Assem1.STEP-2
2025-04-08 02:01:13,610 INFO  ExportHelperExtension.cs: 1145 - Found 0 features of type [CoordSys] in EJ. GUIDE PILLKER^Assem1.STEP-2
2025-04-08 02:01:13,610 INFO  ExportHelperExtension.cs: 1125 - Retrieving features of type [CoordSys] from EJ. GUIDE BUSH^Assem1.STEP-2
2025-04-08 02:01:13,611 INFO  ExportHelperExtension.cs: 1136 - Found 24 in EJ. GUIDE BUSH^Assem1.STEP-2
2025-04-08 02:01:13,611 INFO  ExportHelperExtension.cs: 1145 - Found 0 features of type [CoordSys] in EJ. GUIDE BUSH^Assem1.STEP-2
2025-04-08 02:01:13,611 INFO  ExportHelperExtension.cs: 1125 - Retrieving features of type [CoordSys] from SUPPORT ROD^Assem1.STEP-3
2025-04-08 02:01:13,611 INFO  ExportHelperExtension.cs: 1136 - Found 24 in SUPPORT ROD^Assem1.STEP-3
2025-04-08 02:01:13,612 INFO  ExportHelperExtension.cs: 1145 - Found 0 features of type [CoordSys] in SUPPORT ROD^Assem1.STEP-3
2025-04-08 02:01:13,612 INFO  ExportHelperExtension.cs: 1125 - Retrieving features of type [CoordSys] from EJ. GUIDE PILLKER^Assem1.STEP-3
2025-04-08 02:01:13,612 INFO  ExportHelperExtension.cs: 1136 - Found 24 in EJ. GUIDE PILLKER^Assem1.STEP-3
2025-04-08 02:01:13,612 INFO  ExportHelperExtension.cs: 1145 - Found 0 features of type [CoordSys] in EJ. GUIDE PILLKER^Assem1.STEP-3
2025-04-08 02:01:13,613 INFO  ExportHelperExtension.cs: 1125 - Retrieving features of type [CoordSys] from SUPPORT ROD^Assem1.STEP-4
2025-04-08 02:01:13,613 INFO  ExportHelperExtension.cs: 1136 - Found 24 in SUPPORT ROD^Assem1.STEP-4
2025-04-08 02:01:13,613 INFO  ExportHelperExtension.cs: 1145 - Found 0 features of type [CoordSys] in SUPPORT ROD^Assem1.STEP-4
2025-04-08 02:01:13,613 INFO  ExportHelperExtension.cs: 1125 - Retrieving features of type [CoordSys] from link 3^Assem1.STEP-3
2025-04-08 02:01:13,614 INFO  ExportHelperExtension.cs: 1136 - Found 24 in link 3^Assem1.STEP-3
2025-04-08 02:01:13,614 INFO  ExportHelperExtension.cs: 1145 - Found 0 features of type [CoordSys] in link 3^Assem1.STEP-3
2025-04-08 02:01:13,614 INFO  ExportHelperExtension.cs: 1125 - Retrieving features of type [CoordSys] from link 3^Assem1.STEP-2
2025-04-08 02:01:13,614 INFO  ExportHelperExtension.cs: 1136 - Found 24 in link 3^Assem1.STEP-2
2025-04-08 02:01:13,615 INFO  ExportHelperExtension.cs: 1145 - Found 0 features of type [CoordSys] in link 3^Assem1.STEP-2
2025-04-08 02:01:13,615 INFO  ExportHelperExtension.cs: 1125 - Retrieving features of type [CoordSys] from SUPPORT ROD^Assem1.STEP-7
2025-04-08 02:01:13,615 INFO  ExportHelperExtension.cs: 1136 - Found 24 in SUPPORT ROD^Assem1.STEP-7
2025-04-08 02:01:13,615 INFO  ExportHelperExtension.cs: 1145 - Found 0 features of type [CoordSys] in SUPPORT ROD^Assem1.STEP-7
2025-04-08 02:01:13,615 INFO  ExportHelperExtension.cs: 1125 - Retrieving features of type [CoordSys] from SUPPORT ROD^Assem1.STEP-9
2025-04-08 02:01:13,616 INFO  ExportHelperExtension.cs: 1136 - Found 24 in SUPPORT ROD^Assem1.STEP-9
2025-04-08 02:01:13,616 INFO  ExportHelperExtension.cs: 1145 - Found 0 features of type [CoordSys] in SUPPORT ROD^Assem1.STEP-9
2025-04-08 02:01:13,616 INFO  ExportHelperExtension.cs: 1125 - Retrieving features of type [CoordSys] from cylinder end^Assem1.STEP-1
2025-04-08 02:01:13,616 INFO  ExportHelperExtension.cs: 1136 - Found 25 in cylinder end^Assem1.STEP-1
2025-04-08 02:01:13,617 INFO  ExportHelperExtension.cs: 1145 - Found 0 features of type [CoordSys] in cylinder end^Assem1.STEP-1
2025-04-08 02:01:13,617 INFO  ExportHelperExtension.cs: 1125 - Retrieving features of type [CoordSys] from link 10080^Assem1.STEP-2
2025-04-08 02:01:13,617 INFO  ExportHelperExtension.cs: 1136 - Found 24 in link 10080^Assem1.STEP-2
2025-04-08 02:01:13,618 INFO  ExportHelperExtension.cs: 1145 - Found 0 features of type [CoordSys] in link 10080^Assem1.STEP-2
2025-04-08 02:01:13,618 INFO  ExportHelperExtension.cs: 1125 - Retrieving features of type [CoordSys] from link 10080^Assem1.STEP-1
2025-04-08 02:01:13,618 INFO  ExportHelperExtension.cs: 1136 - Found 24 in link 10080^Assem1.STEP-1
2025-04-08 02:01:13,618 INFO  ExportHelperExtension.cs: 1145 - Found 0 features of type [CoordSys] in link 10080^Assem1.STEP-1
2025-04-08 02:01:13,618 INFO  ExportHelperExtension.cs: 1125 - Retrieving features of type [CoordSys] from link 3^Assem1.STEP-4
2025-04-08 02:01:13,619 INFO  ExportHelperExtension.cs: 1136 - Found 24 in link 3^Assem1.STEP-4
2025-04-08 02:01:13,619 INFO  ExportHelperExtension.cs: 1145 - Found 0 features of type [CoordSys] in link 3^Assem1.STEP-4
2025-04-08 02:01:13,619 INFO  ExportHelperExtension.cs: 1125 - Retrieving features of type [CoordSys] from SUPPORT ROD^Assem1.STEP-10
2025-04-08 02:01:13,619 INFO  ExportHelperExtension.cs: 1136 - Found 24 in SUPPORT ROD^Assem1.STEP-10
2025-04-08 02:01:13,620 INFO  ExportHelperExtension.cs: 1145 - Found 0 features of type [CoordSys] in SUPPORT ROD^Assem1.STEP-10
2025-04-08 02:01:13,620 INFO  ExportHelperExtension.cs: 1125 - Retrieving features of type [CoordSys] from SUPPORT ROD^Assem1.STEP-8
2025-04-08 02:01:13,620 INFO  ExportHelperExtension.cs: 1136 - Found 24 in SUPPORT ROD^Assem1.STEP-8
2025-04-08 02:01:13,620 INFO  ExportHelperExtension.cs: 1145 - Found 0 features of type [CoordSys] in SUPPORT ROD^Assem1.STEP-8
2025-04-08 02:01:13,621 INFO  ExportHelperExtension.cs: 1125 - Retrieving features of type [CoordSys] from SUPPORT ROD^Assem1.STEP-11
2025-04-08 02:01:13,621 INFO  ExportHelperExtension.cs: 1136 - Found 24 in SUPPORT ROD^Assem1.STEP-11
2025-04-08 02:01:13,621 INFO  ExportHelperExtension.cs: 1145 - Found 0 features of type [CoordSys] in SUPPORT ROD^Assem1.STEP-11
2025-04-08 02:01:13,621 INFO  ExportHelperExtension.cs: 1125 - Retrieving features of type [CoordSys] from link 3^Assem1.STEP-1
2025-04-08 02:01:13,622 INFO  ExportHelperExtension.cs: 1136 - Found 24 in link 3^Assem1.STEP-1
2025-04-08 02:01:13,622 INFO  ExportHelperExtension.cs: 1145 - Found 0 features of type [CoordSys] in link 3^Assem1.STEP-1
2025-04-08 02:01:13,622 INFO  ExportHelperExtension.cs: 1125 - Retrieving features of type [CoordSys] from link 10080^Assem1.STEP-4
2025-04-08 02:01:13,622 INFO  ExportHelperExtension.cs: 1136 - Found 24 in link 10080^Assem1.STEP-4
2025-04-08 02:01:13,623 INFO  ExportHelperExtension.cs: 1145 - Found 0 features of type [CoordSys] in link 10080^Assem1.STEP-4
2025-04-08 02:01:13,623 INFO  ExportHelperExtension.cs: 1125 - Retrieving features of type [CoordSys] from link 3^Assem1.STEP-5
2025-04-08 02:01:13,623 INFO  ExportHelperExtension.cs: 1136 - Found 24 in link 3^Assem1.STEP-5
2025-04-08 02:01:13,623 INFO  ExportHelperExtension.cs: 1145 - Found 0 features of type [CoordSys] in link 3^Assem1.STEP-5
2025-04-08 02:01:13,623 INFO  ExportHelperExtension.cs: 1125 - Retrieving features of type [CoordSys] from link 10080^Assem1.STEP-3
2025-04-08 02:01:13,624 INFO  ExportHelperExtension.cs: 1136 - Found 24 in link 10080^Assem1.STEP-3
2025-04-08 02:01:13,624 INFO  ExportHelperExtension.cs: 1145 - Found 0 features of type [CoordSys] in link 10080^Assem1.STEP-3
2025-04-08 02:01:13,624 INFO  ExportHelperExtension.cs: 1125 - Retrieving features of type [CoordSys] from link 3^Assem1.STEP-6
2025-04-08 02:01:13,624 INFO  ExportHelperExtension.cs: 1136 - Found 24 in link 3^Assem1.STEP-6
2025-04-08 02:01:13,625 INFO  ExportHelperExtension.cs: 1145 - Found 0 features of type [CoordSys] in link 3^Assem1.STEP-6
2025-04-08 02:01:13,625 INFO  ExportHelperExtension.cs: 1125 - Retrieving features of type [CoordSys] from small link^Assem1.STEP-3
2025-04-08 02:01:13,625 INFO  ExportHelperExtension.cs: 1136 - Found 24 in small link^Assem1.STEP-3
2025-04-08 02:01:13,625 INFO  ExportHelperExtension.cs: 1145 - Found 0 features of type [CoordSys] in small link^Assem1.STEP-3
2025-04-08 02:01:13,629 INFO  ExportHelperExtension.cs: 1125 - Retrieving features of type [CoordSys] from small link^Assem1.STEP-1
2025-04-08 02:01:13,629 INFO  ExportHelperExtension.cs: 1136 - Found 24 in small link^Assem1.STEP-1
2025-04-08 02:01:13,629 INFO  ExportHelperExtension.cs: 1145 - Found 0 features of type [CoordSys] in small link^Assem1.STEP-1
2025-04-08 02:01:13,630 INFO  ExportHelperExtension.cs: 1125 - Retrieving features of type [CoordSys] from nozzle^Assem1.STEP-1
2025-04-08 02:01:13,636 INFO  ExportHelperExtension.cs: 1136 - Found 24 in nozzle^Assem1.STEP-1
2025-04-08 02:01:13,636 INFO  ExportHelperExtension.cs: 1145 - Found 0 features of type [CoordSys] in nozzle^Assem1.STEP-1
2025-04-08 02:01:13,636 INFO  ExportHelperExtension.cs: 1125 - Retrieving features of type [CoordSys] from small link^Assem1.STEP-2
2025-04-08 02:01:13,637 INFO  ExportHelperExtension.cs: 1136 - Found 24 in small link^Assem1.STEP-2
2025-04-08 02:01:13,637 INFO  ExportHelperExtension.cs: 1145 - Found 0 features of type [CoordSys] in small link^Assem1.STEP-2
2025-04-08 02:01:13,637 INFO  ExportHelperExtension.cs: 1125 - Retrieving features of type [CoordSys] from small link^Assem1.STEP-4
2025-04-08 02:01:13,637 INFO  ExportHelperExtension.cs: 1136 - Found 24 in small link^Assem1.STEP-4
2025-04-08 02:01:13,638 INFO  ExportHelperExtension.cs: 1145 - Found 0 features of type [CoordSys] in small link^Assem1.STEP-4
2025-04-08 02:01:13,638 INFO  ExportHelperExtension.cs: 1125 - Retrieving features of type [RefAxis] from Assem1.STEP
2025-04-08 02:01:13,638 INFO  ExportHelperExtension.cs: 1136 - Found 134 in Assem1.STEP
2025-04-08 02:01:13,639 INFO  ExportHelperExtension.cs: 1145 - Found 4 features of type [RefAxis] in Assem1.STEP
2025-04-08 02:01:13,639 INFO  ExportHelperExtension.cs: 1148 - Proceeding through assembly components
2025-04-08 02:01:13,639 INFO  ExportHelperExtension.cs: 1160 - 106 components to check
2025-04-08 02:01:13,639 INFO  ExportHelperExtension.cs: 1125 - Retrieving features of type [RefAxis] from moving platten.STEP-1
2025-04-08 02:01:13,640 INFO  ExportHelperExtension.cs: 1136 - Found 24 in moving platten.STEP-1
2025-04-08 02:01:13,640 INFO  ExportHelperExtension.cs: 1145 - Found 0 features of type [RefAxis] in moving platten.STEP-1
2025-04-08 02:01:13,640 INFO  ExportHelperExtension.cs: 1125 - Retrieving features of type [RefAxis] from fixed back^Assem1.STEP-1
2025-04-08 02:01:13,640 INFO  ExportHelperExtension.cs: 1136 - Found 28 in fixed back^Assem1.STEP-1
2025-04-08 02:01:13,641 INFO  ExportHelperExtension.cs: 1145 - Found 0 features of type [RefAxis] in fixed back^Assem1.STEP-1
2025-04-08 02:01:13,641 INFO  ExportHelperExtension.cs: 1125 - Retrieving features of type [RefAxis] from frame^Assem1.STEP-1
2025-04-08 02:01:13,641 INFO  ExportHelperExtension.cs: 1136 - Found 126 in frame^Assem1.STEP-1
2025-04-08 02:01:13,642 INFO  ExportHelperExtension.cs: 1145 - Found 0 features of type [RefAxis] in frame^Assem1.STEP-1
2025-04-08 02:01:13,642 INFO  ExportHelperExtension.cs: 1125 - Retrieving features of type [RefAxis] from DOOR^Assem1.STEP-1
2025-04-08 02:01:13,642 INFO  ExportHelperExtension.cs: 1136 - Found 25 in DOOR^Assem1.STEP-1
2025-04-08 02:01:13,642 INFO  ExportHelperExtension.cs: 1145 - Found 0 features of type [RefAxis] in DOOR^Assem1.STEP-1
2025-04-08 02:01:13,643 INFO  ExportHelperExtension.cs: 1125 - Retrieving features of type [RefAxis] from fixed platten^Assem1.STEP-1
2025-04-08 02:01:13,643 INFO  ExportHelperExtension.cs: 1136 - Found 28 in fixed platten^Assem1.STEP-1
2025-04-08 02:01:13,643 INFO  ExportHelperExtension.cs: 1145 - Found 0 features of type [RefAxis] in fixed platten^Assem1.STEP-1
2025-04-08 02:01:13,643 INFO  ExportHelperExtension.cs: 1125 - Retrieving features of type [RefAxis] from SPRUE BUSH^Assem1.STEP-1
2025-04-08 02:01:13,644 INFO  ExportHelperExtension.cs: 1136 - Found 24 in SPRUE BUSH^Assem1.STEP-1
2025-04-08 02:01:13,644 INFO  ExportHelperExtension.cs: 1145 - Found 0 features of type [RefAxis] in SPRUE BUSH^Assem1.STEP-1
2025-04-08 02:01:13,644 INFO  ExportHelperExtension.cs: 1125 - Retrieving features of type [RefAxis] from DOOR^Assem1.STEP-2
2025-04-08 02:01:13,644 INFO  ExportHelperExtension.cs: 1136 - Found 25 in DOOR^Assem1.STEP-2
2025-04-08 02:01:13,644 INFO  ExportHelperExtension.cs: 1145 - Found 0 features of type [RefAxis] in DOOR^Assem1.STEP-2
2025-04-08 02:01:13,645 INFO  ExportHelperExtension.cs: 1125 - Retrieving features of type [RefAxis] from CAM^Assem1.STEP-1
2025-04-08 02:01:13,645 INFO  ExportHelperExtension.cs: 1136 - Found 24 in CAM^Assem1.STEP-1
2025-04-08 02:01:13,645 INFO  ExportHelperExtension.cs: 1145 - Found 0 features of type [RefAxis] in CAM^Assem1.STEP-1
2025-04-08 02:01:13,645 INFO  ExportHelperExtension.cs: 1125 - Retrieving features of type [RefAxis] from GUIDE PILLER^Assem1.STEP-2
2025-04-08 02:01:13,646 INFO  ExportHelperExtension.cs: 1136 - Found 24 in GUIDE PILLER^Assem1.STEP-2
2025-04-08 02:01:13,646 INFO  ExportHelperExtension.cs: 1145 - Found 0 features of type [RefAxis] in GUIDE PILLER^Assem1.STEP-2
2025-04-08 02:01:13,646 INFO  ExportHelperExtension.cs: 1125 - Retrieving features of type [RefAxis] from CAM HOLDER^Assem1.STEP-2
2025-04-08 02:01:13,646 INFO  ExportHelperExtension.cs: 1136 - Found 24 in CAM HOLDER^Assem1.STEP-2
2025-04-08 02:01:13,647 INFO  ExportHelperExtension.cs: 1145 - Found 0 features of type [RefAxis] in CAM HOLDER^Assem1.STEP-2
2025-04-08 02:01:13,647 INFO  ExportHelperExtension.cs: 1125 - Retrieving features of type [RefAxis] from TOP PLATE^Assem1.STEP-1
2025-04-08 02:01:13,647 INFO  ExportHelperExtension.cs: 1136 - Found 24 in TOP PLATE^Assem1.STEP-1
2025-04-08 02:01:13,647 INFO  ExportHelperExtension.cs: 1145 - Found 0 features of type [RefAxis] in TOP PLATE^Assem1.STEP-1
2025-04-08 02:01:13,648 INFO  ExportHelperExtension.cs: 1125 - Retrieving features of type [RefAxis] from GUIDE PILLER^Assem1.STEP-1
2025-04-08 02:01:13,648 INFO  ExportHelperExtension.cs: 1136 - Found 24 in GUIDE PILLER^Assem1.STEP-1
2025-04-08 02:01:13,648 INFO  ExportHelperExtension.cs: 1145 - Found 0 features of type [RefAxis] in GUIDE PILLER^Assem1.STEP-1
2025-04-08 02:01:13,648 INFO  ExportHelperExtension.cs: 1125 - Retrieving features of type [RefAxis] from CAM HOLDER^Assem1.STEP-8
2025-04-08 02:01:13,648 INFO  ExportHelperExtension.cs: 1136 - Found 24 in CAM HOLDER^Assem1.STEP-8
2025-04-08 02:01:13,649 INFO  ExportHelperExtension.cs: 1145 - Found 0 features of type [RefAxis] in CAM HOLDER^Assem1.STEP-8
2025-04-08 02:01:13,649 INFO  ExportHelperExtension.cs: 1125 - Retrieving features of type [RefAxis] from CAM HOLDER^Assem1.STEP-4
2025-04-08 02:01:13,649 INFO  ExportHelperExtension.cs: 1136 - Found 24 in CAM HOLDER^Assem1.STEP-4
2025-04-08 02:01:13,649 INFO  ExportHelperExtension.cs: 1145 - Found 0 features of type [RefAxis] in CAM HOLDER^Assem1.STEP-4
2025-04-08 02:01:13,650 INFO  ExportHelperExtension.cs: 1125 - Retrieving features of type [RefAxis] from CAM HOLDER^Assem1.STEP-1
2025-04-08 02:01:13,650 INFO  ExportHelperExtension.cs: 1136 - Found 24 in CAM HOLDER^Assem1.STEP-1
2025-04-08 02:01:13,650 INFO  ExportHelperExtension.cs: 1145 - Found 0 features of type [RefAxis] in CAM HOLDER^Assem1.STEP-1
2025-04-08 02:01:13,650 INFO  ExportHelperExtension.cs: 1125 - Retrieving features of type [RefAxis] from GUIDE PILLER^Assem1.STEP-3
2025-04-08 02:01:13,650 INFO  ExportHelperExtension.cs: 1136 - Found 24 in GUIDE PILLER^Assem1.STEP-3
2025-04-08 02:01:13,651 INFO  ExportHelperExtension.cs: 1145 - Found 0 features of type [RefAxis] in GUIDE PILLER^Assem1.STEP-3
2025-04-08 02:01:13,651 INFO  ExportHelperExtension.cs: 1125 - Retrieving features of type [RefAxis] from LOCATING RING^Assem1.STEP-1
2025-04-08 02:01:13,651 INFO  ExportHelperExtension.cs: 1136 - Found 24 in LOCATING RING^Assem1.STEP-1
2025-04-08 02:01:13,651 INFO  ExportHelperExtension.cs: 1145 - Found 0 features of type [RefAxis] in LOCATING RING^Assem1.STEP-1
2025-04-08 02:01:13,652 INFO  ExportHelperExtension.cs: 1125 - Retrieving features of type [RefAxis] from GUIDE PILLER^Assem1.STEP-4
2025-04-08 02:01:13,652 INFO  ExportHelperExtension.cs: 1136 - Found 24 in GUIDE PILLER^Assem1.STEP-4
2025-04-08 02:01:13,652 INFO  ExportHelperExtension.cs: 1145 - Found 0 features of type [RefAxis] in GUIDE PILLER^Assem1.STEP-4
2025-04-08 02:01:13,652 INFO  ExportHelperExtension.cs: 1125 - Retrieving features of type [RefAxis] from CAM HOLDER^Assem1.STEP-5
2025-04-08 02:01:13,653 INFO  ExportHelperExtension.cs: 1136 - Found 24 in CAM HOLDER^Assem1.STEP-5
2025-04-08 02:01:13,653 INFO  ExportHelperExtension.cs: 1145 - Found 0 features of type [RefAxis] in CAM HOLDER^Assem1.STEP-5
2025-04-08 02:01:13,653 INFO  ExportHelperExtension.cs: 1125 - Retrieving features of type [RefAxis] from CAVITY PLATE^Assem1.STEP-1
2025-04-08 02:01:13,653 INFO  ExportHelperExtension.cs: 1136 - Found 24 in CAVITY PLATE^Assem1.STEP-1
2025-04-08 02:01:13,654 INFO  ExportHelperExtension.cs: 1145 - Found 0 features of type [RefAxis] in CAVITY PLATE^Assem1.STEP-1
2025-04-08 02:01:13,654 INFO  ExportHelperExtension.cs: 1125 - Retrieving features of type [RefAxis] from CAM HOLDER^Assem1.STEP-7
2025-04-08 02:01:13,654 INFO  ExportHelperExtension.cs: 1136 - Found 24 in CAM HOLDER^Assem1.STEP-7
2025-04-08 02:01:13,654 INFO  ExportHelperExtension.cs: 1145 - Found 0 features of type [RefAxis] in CAM HOLDER^Assem1.STEP-7
2025-04-08 02:01:13,654 INFO  ExportHelperExtension.cs: 1125 - Retrieving features of type [RefAxis] from CAM HOLDER^Assem1.STEP-3
2025-04-08 02:01:13,655 INFO  ExportHelperExtension.cs: 1136 - Found 24 in CAM HOLDER^Assem1.STEP-3
2025-04-08 02:01:13,655 INFO  ExportHelperExtension.cs: 1145 - Found 0 features of type [RefAxis] in CAM HOLDER^Assem1.STEP-3
2025-04-08 02:01:13,655 INFO  ExportHelperExtension.cs: 1125 - Retrieving features of type [RefAxis] from CAM^Assem1.STEP-6
2025-04-08 02:01:13,655 INFO  ExportHelperExtension.cs: 1136 - Found 24 in CAM^Assem1.STEP-6
2025-04-08 02:01:13,656 INFO  ExportHelperExtension.cs: 1145 - Found 0 features of type [RefAxis] in CAM^Assem1.STEP-6
2025-04-08 02:01:13,656 INFO  ExportHelperExtension.cs: 1125 - Retrieving features of type [RefAxis] from CAM HOLDER^Assem1.STEP-6
2025-04-08 02:01:13,656 INFO  ExportHelperExtension.cs: 1136 - Found 24 in CAM HOLDER^Assem1.STEP-6
2025-04-08 02:01:13,656 INFO  ExportHelperExtension.cs: 1145 - Found 0 features of type [RefAxis] in CAM HOLDER^Assem1.STEP-6
2025-04-08 02:01:13,656 INFO  ExportHelperExtension.cs: 1125 - Retrieving features of type [RefAxis] from CAM^Assem1.STEP-7
2025-04-08 02:01:13,657 INFO  ExportHelperExtension.cs: 1136 - Found 24 in CAM^Assem1.STEP-7
2025-04-08 02:01:13,657 INFO  ExportHelperExtension.cs: 1145 - Found 0 features of type [RefAxis] in CAM^Assem1.STEP-7
2025-04-08 02:01:13,657 INFO  ExportHelperExtension.cs: 1125 - Retrieving features of type [RefAxis] from CAM^Assem1.STEP-4
2025-04-08 02:01:13,657 INFO  ExportHelperExtension.cs: 1136 - Found 24 in CAM^Assem1.STEP-4
2025-04-08 02:01:13,658 INFO  ExportHelperExtension.cs: 1145 - Found 0 features of type [RefAxis] in CAM^Assem1.STEP-4
2025-04-08 02:01:13,658 INFO  ExportHelperExtension.cs: 1125 - Retrieving features of type [RefAxis] from CAM^Assem1.STEP-2
2025-04-08 02:01:13,658 INFO  ExportHelperExtension.cs: 1136 - Found 24 in CAM^Assem1.STEP-2
2025-04-08 02:01:13,658 INFO  ExportHelperExtension.cs: 1145 - Found 0 features of type [RefAxis] in CAM^Assem1.STEP-2
2025-04-08 02:01:13,658 INFO  ExportHelperExtension.cs: 1125 - Retrieving features of type [RefAxis] from CAM^Assem1.STEP-5
2025-04-08 02:01:13,659 INFO  ExportHelperExtension.cs: 1136 - Found 24 in CAM^Assem1.STEP-5
2025-04-08 02:01:13,659 INFO  ExportHelperExtension.cs: 1145 - Found 0 features of type [RefAxis] in CAM^Assem1.STEP-5
2025-04-08 02:01:13,659 INFO  ExportHelperExtension.cs: 1125 - Retrieving features of type [RefAxis] from WEDGE BLOCK^Assem1.STEP-3
2025-04-08 02:01:13,659 INFO  ExportHelperExtension.cs: 1136 - Found 24 in WEDGE BLOCK^Assem1.STEP-3
2025-04-08 02:01:13,660 INFO  ExportHelperExtension.cs: 1145 - Found 0 features of type [RefAxis] in WEDGE BLOCK^Assem1.STEP-3
2025-04-08 02:01:13,660 INFO  ExportHelperExtension.cs: 1125 - Retrieving features of type [RefAxis] from WEDGE BLOCK PLATE^Assem1.STEP-2
2025-04-08 02:01:13,660 INFO  ExportHelperExtension.cs: 1136 - Found 24 in WEDGE BLOCK PLATE^Assem1.STEP-2
2025-04-08 02:01:13,660 INFO  ExportHelperExtension.cs: 1145 - Found 0 features of type [RefAxis] in WEDGE BLOCK PLATE^Assem1.STEP-2
2025-04-08 02:01:13,661 INFO  ExportHelperExtension.cs: 1125 - Retrieving features of type [RefAxis] from WEDGE BLOCK PLATE^Assem1.STEP-4
2025-04-08 02:01:13,661 INFO  ExportHelperExtension.cs: 1136 - Found 24 in WEDGE BLOCK PLATE^Assem1.STEP-4
2025-04-08 02:01:13,661 INFO  ExportHelperExtension.cs: 1145 - Found 0 features of type [RefAxis] in WEDGE BLOCK PLATE^Assem1.STEP-4
2025-04-08 02:01:13,661 INFO  ExportHelperExtension.cs: 1125 - Retrieving features of type [RefAxis] from GUIDE BUSH^Assem1.STEP-2
2025-04-08 02:01:13,661 INFO  ExportHelperExtension.cs: 1136 - Found 24 in GUIDE BUSH^Assem1.STEP-2
2025-04-08 02:01:13,662 INFO  ExportHelperExtension.cs: 1145 - Found 0 features of type [RefAxis] in GUIDE BUSH^Assem1.STEP-2
2025-04-08 02:01:13,662 INFO  ExportHelperExtension.cs: 1125 - Retrieving features of type [RefAxis] from GUIDE BUSH^Assem1.STEP-4
2025-04-08 02:01:13,662 INFO  ExportHelperExtension.cs: 1136 - Found 24 in GUIDE BUSH^Assem1.STEP-4
2025-04-08 02:01:13,662 INFO  ExportHelperExtension.cs: 1145 - Found 0 features of type [RefAxis] in GUIDE BUSH^Assem1.STEP-4
2025-04-08 02:01:13,663 INFO  ExportHelperExtension.cs: 1125 - Retrieving features of type [RefAxis] from CAM^Assem1.STEP-3
2025-04-08 02:01:13,663 INFO  ExportHelperExtension.cs: 1136 - Found 24 in CAM^Assem1.STEP-3
2025-04-08 02:01:13,663 INFO  ExportHelperExtension.cs: 1145 - Found 0 features of type [RefAxis] in CAM^Assem1.STEP-3
2025-04-08 02:01:13,663 INFO  ExportHelperExtension.cs: 1125 - Retrieving features of type [RefAxis] from CAM^Assem1.STEP-8
2025-04-08 02:01:13,664 INFO  ExportHelperExtension.cs: 1136 - Found 24 in CAM^Assem1.STEP-8
2025-04-08 02:01:13,664 INFO  ExportHelperExtension.cs: 1145 - Found 0 features of type [RefAxis] in CAM^Assem1.STEP-8
2025-04-08 02:01:13,664 INFO  ExportHelperExtension.cs: 1125 - Retrieving features of type [RefAxis] from WEDGE BLOCK^Assem1.STEP-1
2025-04-08 02:01:13,664 INFO  ExportHelperExtension.cs: 1136 - Found 24 in WEDGE BLOCK^Assem1.STEP-1
2025-04-08 02:01:13,665 INFO  ExportHelperExtension.cs: 1145 - Found 0 features of type [RefAxis] in WEDGE BLOCK^Assem1.STEP-1
2025-04-08 02:01:13,665 INFO  ExportHelperExtension.cs: 1125 - Retrieving features of type [RefAxis] from WEDGE BLOCK PLATE^Assem1.STEP-1
2025-04-08 02:01:13,665 INFO  ExportHelperExtension.cs: 1136 - Found 24 in WEDGE BLOCK PLATE^Assem1.STEP-1
2025-04-08 02:01:13,665 INFO  ExportHelperExtension.cs: 1145 - Found 0 features of type [RefAxis] in WEDGE BLOCK PLATE^Assem1.STEP-1
2025-04-08 02:01:13,665 INFO  ExportHelperExtension.cs: 1125 - Retrieving features of type [RefAxis] from WEDGE BLOCK^Assem1.STEP-2
2025-04-08 02:01:13,666 INFO  ExportHelperExtension.cs: 1136 - Found 24 in WEDGE BLOCK^Assem1.STEP-2
2025-04-08 02:01:13,666 INFO  ExportHelperExtension.cs: 1145 - Found 0 features of type [RefAxis] in WEDGE BLOCK^Assem1.STEP-2
2025-04-08 02:01:13,666 INFO  ExportHelperExtension.cs: 1125 - Retrieving features of type [RefAxis] from WEDGE BLOCK^Assem1.STEP-4
2025-04-08 02:01:13,666 INFO  ExportHelperExtension.cs: 1136 - Found 24 in WEDGE BLOCK^Assem1.STEP-4
2025-04-08 02:01:13,666 INFO  ExportHelperExtension.cs: 1145 - Found 0 features of type [RefAxis] in WEDGE BLOCK^Assem1.STEP-4
2025-04-08 02:01:13,667 INFO  ExportHelperExtension.cs: 1125 - Retrieving features of type [RefAxis] from GUIDE BUSH^Assem1.STEP-1
2025-04-08 02:01:13,667 INFO  ExportHelperExtension.cs: 1136 - Found 24 in GUIDE BUSH^Assem1.STEP-1
2025-04-08 02:01:13,667 INFO  ExportHelperExtension.cs: 1145 - Found 0 features of type [RefAxis] in GUIDE BUSH^Assem1.STEP-1
2025-04-08 02:01:13,667 INFO  ExportHelperExtension.cs: 1125 - Retrieving features of type [RefAxis] from WEDGE BLOCK PLATE^Assem1.STEP-3
2025-04-08 02:01:13,668 INFO  ExportHelperExtension.cs: 1136 - Found 24 in WEDGE BLOCK PLATE^Assem1.STEP-3
2025-04-08 02:01:13,668 INFO  ExportHelperExtension.cs: 1145 - Found 0 features of type [RefAxis] in WEDGE BLOCK PLATE^Assem1.STEP-3
2025-04-08 02:01:13,668 INFO  ExportHelperExtension.cs: 1125 - Retrieving features of type [RefAxis] from GUIDE RAIL^Assem1.STEP-1
2025-04-08 02:01:13,668 INFO  ExportHelperExtension.cs: 1136 - Found 24 in GUIDE RAIL^Assem1.STEP-1
2025-04-08 02:01:13,668 INFO  ExportHelperExtension.cs: 1145 - Found 0 features of type [RefAxis] in GUIDE RAIL^Assem1.STEP-1
2025-04-08 02:01:13,669 INFO  ExportHelperExtension.cs: 1125 - Retrieving features of type [RefAxis] from CORE PLATE^Assem1.STEP-1
2025-04-08 02:01:13,669 INFO  ExportHelperExtension.cs: 1136 - Found 24 in CORE PLATE^Assem1.STEP-1
2025-04-08 02:01:13,669 INFO  ExportHelperExtension.cs: 1145 - Found 0 features of type [RefAxis] in CORE PLATE^Assem1.STEP-1
2025-04-08 02:01:13,669 INFO  ExportHelperExtension.cs: 1125 - Retrieving features of type [RefAxis] from GUIDE BUSH^Assem1.STEP-3
2025-04-08 02:01:13,670 INFO  ExportHelperExtension.cs: 1136 - Found 24 in GUIDE BUSH^Assem1.STEP-3
2025-04-08 02:01:13,670 INFO  ExportHelperExtension.cs: 1145 - Found 0 features of type [RefAxis] in GUIDE BUSH^Assem1.STEP-3
2025-04-08 02:01:13,670 INFO  ExportHelperExtension.cs: 1125 - Retrieving features of type [RefAxis] from GUIDE RAIL^Assem1.STEP-3
2025-04-08 02:01:13,670 INFO  ExportHelperExtension.cs: 1136 - Found 24 in GUIDE RAIL^Assem1.STEP-3
2025-04-08 02:01:13,671 INFO  ExportHelperExtension.cs: 1145 - Found 0 features of type [RefAxis] in GUIDE RAIL^Assem1.STEP-3
2025-04-08 02:01:13,671 INFO  ExportHelperExtension.cs: 1125 - Retrieving features of type [RefAxis] from GUIDE RAIL^Assem1.STEP-4
2025-04-08 02:01:13,671 INFO  ExportHelperExtension.cs: 1136 - Found 24 in GUIDE RAIL^Assem1.STEP-4
2025-04-08 02:01:13,671 INFO  ExportHelperExtension.cs: 1145 - Found 0 features of type [RefAxis] in GUIDE RAIL^Assem1.STEP-4
2025-04-08 02:01:13,672 INFO  ExportHelperExtension.cs: 1125 - Retrieving features of type [RefAxis] from GUIDE RAIL^Assem1.STEP-6
2025-04-08 02:01:13,672 INFO  ExportHelperExtension.cs: 1136 - Found 24 in GUIDE RAIL^Assem1.STEP-6
2025-04-08 02:01:13,672 INFO  ExportHelperExtension.cs: 1145 - Found 0 features of type [RefAxis] in GUIDE RAIL^Assem1.STEP-6
2025-04-08 02:01:13,672 INFO  ExportHelperExtension.cs: 1125 - Retrieving features of type [RefAxis] from GUIDE RAIL^Assem1.STEP-2
2025-04-08 02:01:13,672 INFO  ExportHelperExtension.cs: 1136 - Found 24 in GUIDE RAIL^Assem1.STEP-2
2025-04-08 02:01:13,673 INFO  ExportHelperExtension.cs: 1145 - Found 0 features of type [RefAxis] in GUIDE RAIL^Assem1.STEP-2
2025-04-08 02:01:13,673 INFO  ExportHelperExtension.cs: 1125 - Retrieving features of type [RefAxis] from GUIDE RAIL^Assem1.STEP-7
2025-04-08 02:01:13,673 INFO  ExportHelperExtension.cs: 1136 - Found 24 in GUIDE RAIL^Assem1.STEP-7
2025-04-08 02:01:13,674 INFO  ExportHelperExtension.cs: 1145 - Found 0 features of type [RefAxis] in GUIDE RAIL^Assem1.STEP-7
2025-04-08 02:01:13,676 INFO  ExportHelperExtension.cs: 1125 - Retrieving features of type [RefAxis] from GUIDE RAIL^Assem1.STEP-8
2025-04-08 02:01:13,676 INFO  ExportHelperExtension.cs: 1136 - Found 24 in GUIDE RAIL^Assem1.STEP-8
2025-04-08 02:01:13,677 INFO  ExportHelperExtension.cs: 1145 - Found 0 features of type [RefAxis] in GUIDE RAIL^Assem1.STEP-8
2025-04-08 02:01:13,677 INFO  ExportHelperExtension.cs: 1125 - Retrieving features of type [RefAxis] from CAVITY BLOCK 1^Assem1.STEP-1
2025-04-08 02:01:13,682 INFO  ExportHelperExtension.cs: 1136 - Found 24 in CAVITY BLOCK 1^Assem1.STEP-1
2025-04-08 02:01:13,683 INFO  ExportHelperExtension.cs: 1145 - Found 0 features of type [RefAxis] in CAVITY BLOCK 1^Assem1.STEP-1
2025-04-08 02:01:13,683 INFO  ExportHelperExtension.cs: 1125 - Retrieving features of type [RefAxis] from CAVITY BLOCK 2^Assem1.STEP-1
2025-04-08 02:01:13,683 INFO  ExportHelperExtension.cs: 1136 - Found 24 in CAVITY BLOCK 2^Assem1.STEP-1
2025-04-08 02:01:13,683 INFO  ExportHelperExtension.cs: 1145 - Found 0 features of type [RefAxis] in CAVITY BLOCK 2^Assem1.STEP-1
2025-04-08 02:01:13,684 INFO  ExportHelperExtension.cs: 1125 - Retrieving features of type [RefAxis] from GUIDE RAIL^Assem1.STEP-5
2025-04-08 02:01:13,684 INFO  ExportHelperExtension.cs: 1136 - Found 24 in GUIDE RAIL^Assem1.STEP-5
2025-04-08 02:01:13,684 INFO  ExportHelperExtension.cs: 1145 - Found 0 features of type [RefAxis] in GUIDE RAIL^Assem1.STEP-5
2025-04-08 02:01:13,684 INFO  ExportHelperExtension.cs: 1125 - Retrieving features of type [RefAxis] from BOTTOM PLATE^Assem1.STEP-1
2025-04-08 02:01:13,685 INFO  ExportHelperExtension.cs: 1136 - Found 24 in BOTTOM PLATE^Assem1.STEP-1
2025-04-08 02:01:13,685 INFO  ExportHelperExtension.cs: 1145 - Found 0 features of type [RefAxis] in BOTTOM PLATE^Assem1.STEP-1
2025-04-08 02:01:13,685 INFO  ExportHelperExtension.cs: 1125 - Retrieving features of type [RefAxis] from RISER BLOCK^Assem1.STEP-2
2025-04-08 02:01:13,685 INFO  ExportHelperExtension.cs: 1136 - Found 24 in RISER BLOCK^Assem1.STEP-2
2025-04-08 02:01:13,686 INFO  ExportHelperExtension.cs: 1145 - Found 0 features of type [RefAxis] in RISER BLOCK^Assem1.STEP-2
2025-04-08 02:01:13,686 INFO  ExportHelperExtension.cs: 1125 - Retrieving features of type [RefAxis] from EJ. PIN^Assem1.STEP-1
2025-04-08 02:01:13,686 INFO  ExportHelperExtension.cs: 1136 - Found 24 in EJ. PIN^Assem1.STEP-1
2025-04-08 02:01:13,686 INFO  ExportHelperExtension.cs: 1145 - Found 0 features of type [RefAxis] in EJ. PIN^Assem1.STEP-1
2025-04-08 02:01:13,687 INFO  ExportHelperExtension.cs: 1125 - Retrieving features of type [RefAxis] from EJ PLATE^Assem1.STEP-1
2025-04-08 02:01:13,687 INFO  ExportHelperExtension.cs: 1136 - Found 24 in EJ PLATE^Assem1.STEP-1
2025-04-08 02:01:13,687 INFO  ExportHelperExtension.cs: 1145 - Found 0 features of type [RefAxis] in EJ PLATE^Assem1.STEP-1
2025-04-08 02:01:13,687 INFO  ExportHelperExtension.cs: 1125 - Retrieving features of type [RefAxis] from SUPPORT PLATE^Assem1.STEP-1
2025-04-08 02:01:13,688 INFO  ExportHelperExtension.cs: 1136 - Found 24 in SUPPORT PLATE^Assem1.STEP-1
2025-04-08 02:01:13,688 INFO  ExportHelperExtension.cs: 1145 - Found 0 features of type [RefAxis] in SUPPORT PLATE^Assem1.STEP-1
2025-04-08 02:01:13,688 INFO  ExportHelperExtension.cs: 1125 - Retrieving features of type [RefAxis] from RISER BLOCK^Assem1.STEP-1
2025-04-08 02:01:13,688 INFO  ExportHelperExtension.cs: 1136 - Found 24 in RISER BLOCK^Assem1.STEP-1
2025-04-08 02:01:13,688 INFO  ExportHelperExtension.cs: 1145 - Found 0 features of type [RefAxis] in RISER BLOCK^Assem1.STEP-1
2025-04-08 02:01:13,689 INFO  ExportHelperExtension.cs: 1125 - Retrieving features of type [RefAxis] from CORE^Assem1.STEP-1
2025-04-08 02:01:13,689 INFO  ExportHelperExtension.cs: 1136 - Found 24 in CORE^Assem1.STEP-1
2025-04-08 02:01:13,689 INFO  ExportHelperExtension.cs: 1145 - Found 0 features of type [RefAxis] in CORE^Assem1.STEP-1
2025-04-08 02:01:13,689 INFO  ExportHelperExtension.cs: 1125 - Retrieving features of type [RefAxis] from CAVITY BLOCK 2^Assem1.STEP-2
2025-04-08 02:01:13,690 INFO  ExportHelperExtension.cs: 1136 - Found 24 in CAVITY BLOCK 2^Assem1.STEP-2
2025-04-08 02:01:13,690 INFO  ExportHelperExtension.cs: 1145 - Found 0 features of type [RefAxis] in CAVITY BLOCK 2^Assem1.STEP-2
2025-04-08 02:01:13,690 INFO  ExportHelperExtension.cs: 1125 - Retrieving features of type [RefAxis] from CORE^Assem1.STEP-2
2025-04-08 02:01:13,690 INFO  ExportHelperExtension.cs: 1136 - Found 24 in CORE^Assem1.STEP-2
2025-04-08 02:01:13,691 INFO  ExportHelperExtension.cs: 1145 - Found 0 features of type [RefAxis] in CORE^Assem1.STEP-2
2025-04-08 02:01:13,691 INFO  ExportHelperExtension.cs: 1125 - Retrieving features of type [RefAxis] from EJ BACK PLATE^Assem1.STEP-1
2025-04-08 02:01:13,691 INFO  ExportHelperExtension.cs: 1136 - Found 24 in EJ BACK PLATE^Assem1.STEP-1
2025-04-08 02:01:13,691 INFO  ExportHelperExtension.cs: 1145 - Found 0 features of type [RefAxis] in EJ BACK PLATE^Assem1.STEP-1
2025-04-08 02:01:13,691 INFO  ExportHelperExtension.cs: 1125 - Retrieving features of type [RefAxis] from CAVITY BLOCK 1^Assem1.STEP-2
2025-04-08 02:01:13,692 INFO  ExportHelperExtension.cs: 1136 - Found 24 in CAVITY BLOCK 1^Assem1.STEP-2
2025-04-08 02:01:13,692 INFO  ExportHelperExtension.cs: 1145 - Found 0 features of type [RefAxis] in CAVITY BLOCK 1^Assem1.STEP-2
2025-04-08 02:01:13,692 INFO  ExportHelperExtension.cs: 1125 - Retrieving features of type [RefAxis] from EJ. GUIDE BUSH^Assem1.STEP-1
2025-04-08 02:01:13,692 INFO  ExportHelperExtension.cs: 1136 - Found 24 in EJ. GUIDE BUSH^Assem1.STEP-1
2025-04-08 02:01:13,693 INFO  ExportHelperExtension.cs: 1145 - Found 0 features of type [RefAxis] in EJ. GUIDE BUSH^Assem1.STEP-1
2025-04-08 02:01:13,693 INFO  ExportHelperExtension.cs: 1125 - Retrieving features of type [RefAxis] from EJ. GUIDE PILLKER^Assem1.STEP-1
2025-04-08 02:01:13,693 INFO  ExportHelperExtension.cs: 1136 - Found 24 in EJ. GUIDE PILLKER^Assem1.STEP-1
2025-04-08 02:01:13,693 INFO  ExportHelperExtension.cs: 1145 - Found 0 features of type [RefAxis] in EJ. GUIDE PILLKER^Assem1.STEP-1
2025-04-08 02:01:13,693 INFO  ExportHelperExtension.cs: 1125 - Retrieving features of type [RefAxis] from EJ. PIN^Assem1.STEP-7
2025-04-08 02:01:13,694 INFO  ExportHelperExtension.cs: 1136 - Found 24 in EJ. PIN^Assem1.STEP-7
2025-04-08 02:01:13,694 INFO  ExportHelperExtension.cs: 1145 - Found 0 features of type [RefAxis] in EJ. PIN^Assem1.STEP-7
2025-04-08 02:01:13,694 INFO  ExportHelperExtension.cs: 1125 - Retrieving features of type [RefAxis] from EJ. PIN^Assem1.STEP-6
2025-04-08 02:01:13,694 INFO  ExportHelperExtension.cs: 1136 - Found 24 in EJ. PIN^Assem1.STEP-6
2025-04-08 02:01:13,695 INFO  ExportHelperExtension.cs: 1145 - Found 0 features of type [RefAxis] in EJ. PIN^Assem1.STEP-6
2025-04-08 02:01:13,695 INFO  ExportHelperExtension.cs: 1125 - Retrieving features of type [RefAxis] from EJ. PIN^Assem1.STEP-2
2025-04-08 02:01:13,695 INFO  ExportHelperExtension.cs: 1136 - Found 24 in EJ. PIN^Assem1.STEP-2
2025-04-08 02:01:13,695 INFO  ExportHelperExtension.cs: 1145 - Found 0 features of type [RefAxis] in EJ. PIN^Assem1.STEP-2
2025-04-08 02:01:13,695 INFO  ExportHelperExtension.cs: 1125 - Retrieving features of type [RefAxis] from EJ. PIN^Assem1.STEP-5
2025-04-08 02:01:13,696 INFO  ExportHelperExtension.cs: 1136 - Found 24 in EJ. PIN^Assem1.STEP-5
2025-04-08 02:01:13,696 INFO  ExportHelperExtension.cs: 1145 - Found 0 features of type [RefAxis] in EJ. PIN^Assem1.STEP-5
2025-04-08 02:01:13,696 INFO  ExportHelperExtension.cs: 1125 - Retrieving features of type [RefAxis] from EJ. PIN^Assem1.STEP-4
2025-04-08 02:01:13,696 INFO  ExportHelperExtension.cs: 1136 - Found 24 in EJ. PIN^Assem1.STEP-4
2025-04-08 02:01:13,697 INFO  ExportHelperExtension.cs: 1145 - Found 0 features of type [RefAxis] in EJ. PIN^Assem1.STEP-4
2025-04-08 02:01:13,697 INFO  ExportHelperExtension.cs: 1125 - Retrieving features of type [RefAxis] from EJ. PIN^Assem1.STEP-8
2025-04-08 02:01:13,697 INFO  ExportHelperExtension.cs: 1136 - Found 24 in EJ. PIN^Assem1.STEP-8
2025-04-08 02:01:13,697 INFO  ExportHelperExtension.cs: 1145 - Found 0 features of type [RefAxis] in EJ. PIN^Assem1.STEP-8
2025-04-08 02:01:13,697 INFO  ExportHelperExtension.cs: 1125 - Retrieving features of type [RefAxis] from SUPPORT ROD^Assem1.STEP-1
2025-04-08 02:01:13,698 INFO  ExportHelperExtension.cs: 1136 - Found 24 in SUPPORT ROD^Assem1.STEP-1
2025-04-08 02:01:13,698 INFO  ExportHelperExtension.cs: 1145 - Found 0 features of type [RefAxis] in SUPPORT ROD^Assem1.STEP-1
2025-04-08 02:01:13,698 INFO  ExportHelperExtension.cs: 1125 - Retrieving features of type [RefAxis] from SUPPORT ROD^Assem1.STEP-5
2025-04-08 02:01:13,698 INFO  ExportHelperExtension.cs: 1136 - Found 24 in SUPPORT ROD^Assem1.STEP-5
2025-04-08 02:01:13,699 INFO  ExportHelperExtension.cs: 1145 - Found 0 features of type [RefAxis] in SUPPORT ROD^Assem1.STEP-5
2025-04-08 02:01:13,699 INFO  ExportHelperExtension.cs: 1125 - Retrieving features of type [RefAxis] from SUPPORT ROD^Assem1.STEP-2
2025-04-08 02:01:13,699 INFO  ExportHelperExtension.cs: 1136 - Found 24 in SUPPORT ROD^Assem1.STEP-2
2025-04-08 02:01:13,699 INFO  ExportHelperExtension.cs: 1145 - Found 0 features of type [RefAxis] in SUPPORT ROD^Assem1.STEP-2
2025-04-08 02:01:13,699 INFO  ExportHelperExtension.cs: 1125 - Retrieving features of type [RefAxis] from SUPPORT ROD^Assem1.STEP-6
2025-04-08 02:01:13,700 INFO  ExportHelperExtension.cs: 1136 - Found 24 in SUPPORT ROD^Assem1.STEP-6
2025-04-08 02:01:13,700 INFO  ExportHelperExtension.cs: 1145 - Found 0 features of type [RefAxis] in SUPPORT ROD^Assem1.STEP-6
2025-04-08 02:01:13,700 INFO  ExportHelperExtension.cs: 1125 - Retrieving features of type [RefAxis] from EJ. GUIDE BUSH^Assem1.STEP-4
2025-04-08 02:01:13,700 INFO  ExportHelperExtension.cs: 1136 - Found 24 in EJ. GUIDE BUSH^Assem1.STEP-4
2025-04-08 02:01:13,700 INFO  ExportHelperExtension.cs: 1145 - Found 0 features of type [RefAxis] in EJ. GUIDE BUSH^Assem1.STEP-4
2025-04-08 02:01:13,701 INFO  ExportHelperExtension.cs: 1125 - Retrieving features of type [RefAxis] from EJ. PIN^Assem1.STEP-3
2025-04-08 02:01:13,701 INFO  ExportHelperExtension.cs: 1136 - Found 24 in EJ. PIN^Assem1.STEP-3
2025-04-08 02:01:13,701 INFO  ExportHelperExtension.cs: 1145 - Found 0 features of type [RefAxis] in EJ. PIN^Assem1.STEP-3
2025-04-08 02:01:13,701 INFO  ExportHelperExtension.cs: 1125 - Retrieving features of type [RefAxis] from EJ. GUIDE BUSH^Assem1.STEP-3
2025-04-08 02:01:13,702 INFO  ExportHelperExtension.cs: 1136 - Found 24 in EJ. GUIDE BUSH^Assem1.STEP-3
2025-04-08 02:01:13,702 INFO  ExportHelperExtension.cs: 1145 - Found 0 features of type [RefAxis] in EJ. GUIDE BUSH^Assem1.STEP-3
2025-04-08 02:01:13,702 INFO  ExportHelperExtension.cs: 1125 - Retrieving features of type [RefAxis] from EJ. GUIDE PILLKER^Assem1.STEP-4
2025-04-08 02:01:13,702 INFO  ExportHelperExtension.cs: 1136 - Found 24 in EJ. GUIDE PILLKER^Assem1.STEP-4
2025-04-08 02:01:13,702 INFO  ExportHelperExtension.cs: 1145 - Found 0 features of type [RefAxis] in EJ. GUIDE PILLKER^Assem1.STEP-4
2025-04-08 02:01:13,703 INFO  ExportHelperExtension.cs: 1125 - Retrieving features of type [RefAxis] from EJ. GUIDE PILLKER^Assem1.STEP-2
2025-04-08 02:01:13,703 INFO  ExportHelperExtension.cs: 1136 - Found 24 in EJ. GUIDE PILLKER^Assem1.STEP-2
2025-04-08 02:01:13,703 INFO  ExportHelperExtension.cs: 1145 - Found 0 features of type [RefAxis] in EJ. GUIDE PILLKER^Assem1.STEP-2
2025-04-08 02:01:13,703 INFO  ExportHelperExtension.cs: 1125 - Retrieving features of type [RefAxis] from EJ. GUIDE BUSH^Assem1.STEP-2
2025-04-08 02:01:13,704 INFO  ExportHelperExtension.cs: 1136 - Found 24 in EJ. GUIDE BUSH^Assem1.STEP-2
2025-04-08 02:01:13,704 INFO  ExportHelperExtension.cs: 1145 - Found 0 features of type [RefAxis] in EJ. GUIDE BUSH^Assem1.STEP-2
2025-04-08 02:01:13,704 INFO  ExportHelperExtension.cs: 1125 - Retrieving features of type [RefAxis] from SUPPORT ROD^Assem1.STEP-3
2025-04-08 02:01:13,704 INFO  ExportHelperExtension.cs: 1136 - Found 24 in SUPPORT ROD^Assem1.STEP-3
2025-04-08 02:01:13,705 INFO  ExportHelperExtension.cs: 1145 - Found 0 features of type [RefAxis] in SUPPORT ROD^Assem1.STEP-3
2025-04-08 02:01:13,705 INFO  ExportHelperExtension.cs: 1125 - Retrieving features of type [RefAxis] from EJ. GUIDE PILLKER^Assem1.STEP-3
2025-04-08 02:01:13,705 INFO  ExportHelperExtension.cs: 1136 - Found 24 in EJ. GUIDE PILLKER^Assem1.STEP-3
2025-04-08 02:01:13,705 INFO  ExportHelperExtension.cs: 1145 - Found 0 features of type [RefAxis] in EJ. GUIDE PILLKER^Assem1.STEP-3
2025-04-08 02:01:13,705 INFO  ExportHelperExtension.cs: 1125 - Retrieving features of type [RefAxis] from SUPPORT ROD^Assem1.STEP-4
2025-04-08 02:01:13,706 INFO  ExportHelperExtension.cs: 1136 - Found 24 in SUPPORT ROD^Assem1.STEP-4
2025-04-08 02:01:13,706 INFO  ExportHelperExtension.cs: 1145 - Found 0 features of type [RefAxis] in SUPPORT ROD^Assem1.STEP-4
2025-04-08 02:01:13,706 INFO  ExportHelperExtension.cs: 1125 - Retrieving features of type [RefAxis] from link 3^Assem1.STEP-3
2025-04-08 02:01:13,706 INFO  ExportHelperExtension.cs: 1136 - Found 24 in link 3^Assem1.STEP-3
2025-04-08 02:01:13,707 INFO  ExportHelperExtension.cs: 1145 - Found 0 features of type [RefAxis] in link 3^Assem1.STEP-3
2025-04-08 02:01:13,707 INFO  ExportHelperExtension.cs: 1125 - Retrieving features of type [RefAxis] from link 3^Assem1.STEP-2
2025-04-08 02:01:13,707 INFO  ExportHelperExtension.cs: 1136 - Found 24 in link 3^Assem1.STEP-2
2025-04-08 02:01:13,707 INFO  ExportHelperExtension.cs: 1145 - Found 0 features of type [RefAxis] in link 3^Assem1.STEP-2
2025-04-08 02:01:13,707 INFO  ExportHelperExtension.cs: 1125 - Retrieving features of type [RefAxis] from SUPPORT ROD^Assem1.STEP-7
2025-04-08 02:01:13,707 INFO  ExportHelperExtension.cs: 1136 - Found 24 in SUPPORT ROD^Assem1.STEP-7
2025-04-08 02:01:13,707 INFO  ExportHelperExtension.cs: 1145 - Found 0 features of type [RefAxis] in SUPPORT ROD^Assem1.STEP-7
2025-04-08 02:01:13,708 INFO  ExportHelperExtension.cs: 1125 - Retrieving features of type [RefAxis] from SUPPORT ROD^Assem1.STEP-9
2025-04-08 02:01:13,708 INFO  ExportHelperExtension.cs: 1136 - Found 24 in SUPPORT ROD^Assem1.STEP-9
2025-04-08 02:01:13,708 INFO  ExportHelperExtension.cs: 1145 - Found 0 features of type [RefAxis] in SUPPORT ROD^Assem1.STEP-9
2025-04-08 02:01:13,709 INFO  ExportHelperExtension.cs: 1125 - Retrieving features of type [RefAxis] from cylinder end^Assem1.STEP-1
2025-04-08 02:01:13,709 INFO  ExportHelperExtension.cs: 1136 - Found 25 in cylinder end^Assem1.STEP-1
2025-04-08 02:01:13,709 INFO  ExportHelperExtension.cs: 1145 - Found 0 features of type [RefAxis] in cylinder end^Assem1.STEP-1
2025-04-08 02:01:13,709 INFO  ExportHelperExtension.cs: 1125 - Retrieving features of type [RefAxis] from link 10080^Assem1.STEP-2
2025-04-08 02:01:13,710 INFO  ExportHelperExtension.cs: 1136 - Found 24 in link 10080^Assem1.STEP-2
2025-04-08 02:01:13,710 INFO  ExportHelperExtension.cs: 1145 - Found 0 features of type [RefAxis] in link 10080^Assem1.STEP-2
2025-04-08 02:01:13,710 INFO  ExportHelperExtension.cs: 1125 - Retrieving features of type [RefAxis] from link 10080^Assem1.STEP-1
2025-04-08 02:01:13,710 INFO  ExportHelperExtension.cs: 1136 - Found 24 in link 10080^Assem1.STEP-1
2025-04-08 02:01:13,711 INFO  ExportHelperExtension.cs: 1145 - Found 0 features of type [RefAxis] in link 10080^Assem1.STEP-1
2025-04-08 02:01:13,711 INFO  ExportHelperExtension.cs: 1125 - Retrieving features of type [RefAxis] from link 3^Assem1.STEP-4
2025-04-08 02:01:13,711 INFO  ExportHelperExtension.cs: 1136 - Found 24 in link 3^Assem1.STEP-4
2025-04-08 02:01:13,711 INFO  ExportHelperExtension.cs: 1145 - Found 0 features of type [RefAxis] in link 3^Assem1.STEP-4
2025-04-08 02:01:13,712 INFO  ExportHelperExtension.cs: 1125 - Retrieving features of type [RefAxis] from SUPPORT ROD^Assem1.STEP-10
2025-04-08 02:01:13,712 INFO  ExportHelperExtension.cs: 1136 - Found 24 in SUPPORT ROD^Assem1.STEP-10
2025-04-08 02:01:13,712 INFO  ExportHelperExtension.cs: 1145 - Found 0 features of type [RefAxis] in SUPPORT ROD^Assem1.STEP-10
2025-04-08 02:01:13,712 INFO  ExportHelperExtension.cs: 1125 - Retrieving features of type [RefAxis] from SUPPORT ROD^Assem1.STEP-8
2025-04-08 02:01:13,713 INFO  ExportHelperExtension.cs: 1136 - Found 24 in SUPPORT ROD^Assem1.STEP-8
2025-04-08 02:01:13,713 INFO  ExportHelperExtension.cs: 1145 - Found 0 features of type [RefAxis] in SUPPORT ROD^Assem1.STEP-8
2025-04-08 02:01:13,713 INFO  ExportHelperExtension.cs: 1125 - Retrieving features of type [RefAxis] from SUPPORT ROD^Assem1.STEP-11
2025-04-08 02:01:13,714 INFO  ExportHelperExtension.cs: 1136 - Found 24 in SUPPORT ROD^Assem1.STEP-11
2025-04-08 02:01:13,714 INFO  ExportHelperExtension.cs: 1145 - Found 0 features of type [RefAxis] in SUPPORT ROD^Assem1.STEP-11
2025-04-08 02:01:13,714 INFO  ExportHelperExtension.cs: 1125 - Retrieving features of type [RefAxis] from link 3^Assem1.STEP-1
2025-04-08 02:01:13,714 INFO  ExportHelperExtension.cs: 1136 - Found 24 in link 3^Assem1.STEP-1
2025-04-08 02:01:13,715 INFO  ExportHelperExtension.cs: 1145 - Found 0 features of type [RefAxis] in link 3^Assem1.STEP-1
2025-04-08 02:01:13,715 INFO  ExportHelperExtension.cs: 1125 - Retrieving features of type [RefAxis] from link 10080^Assem1.STEP-4
2025-04-08 02:01:13,715 INFO  ExportHelperExtension.cs: 1136 - Found 24 in link 10080^Assem1.STEP-4
2025-04-08 02:01:13,715 INFO  ExportHelperExtension.cs: 1145 - Found 0 features of type [RefAxis] in link 10080^Assem1.STEP-4
2025-04-08 02:01:13,715 INFO  ExportHelperExtension.cs: 1125 - Retrieving features of type [RefAxis] from link 3^Assem1.STEP-5
2025-04-08 02:01:13,716 INFO  ExportHelperExtension.cs: 1136 - Found 24 in link 3^Assem1.STEP-5
2025-04-08 02:01:13,716 INFO  ExportHelperExtension.cs: 1145 - Found 0 features of type [RefAxis] in link 3^Assem1.STEP-5
2025-04-08 02:01:13,716 INFO  ExportHelperExtension.cs: 1125 - Retrieving features of type [RefAxis] from link 10080^Assem1.STEP-3
2025-04-08 02:01:13,716 INFO  ExportHelperExtension.cs: 1136 - Found 24 in link 10080^Assem1.STEP-3
2025-04-08 02:01:13,717 INFO  ExportHelperExtension.cs: 1145 - Found 0 features of type [RefAxis] in link 10080^Assem1.STEP-3
2025-04-08 02:01:13,717 INFO  ExportHelperExtension.cs: 1125 - Retrieving features of type [RefAxis] from link 3^Assem1.STEP-6
2025-04-08 02:01:13,717 INFO  ExportHelperExtension.cs: 1136 - Found 24 in link 3^Assem1.STEP-6
2025-04-08 02:01:13,717 INFO  ExportHelperExtension.cs: 1145 - Found 0 features of type [RefAxis] in link 3^Assem1.STEP-6
2025-04-08 02:01:13,718 INFO  ExportHelperExtension.cs: 1125 - Retrieving features of type [RefAxis] from small link^Assem1.STEP-3
2025-04-08 02:01:13,718 INFO  ExportHelperExtension.cs: 1136 - Found 24 in small link^Assem1.STEP-3
2025-04-08 02:01:13,718 INFO  ExportHelperExtension.cs: 1145 - Found 0 features of type [RefAxis] in small link^Assem1.STEP-3
2025-04-08 02:01:13,718 INFO  ExportHelperExtension.cs: 1125 - Retrieving features of type [RefAxis] from small link^Assem1.STEP-1
2025-04-08 02:01:13,718 INFO  ExportHelperExtension.cs: 1136 - Found 24 in small link^Assem1.STEP-1
2025-04-08 02:01:13,719 INFO  ExportHelperExtension.cs: 1145 - Found 0 features of type [RefAxis] in small link^Assem1.STEP-1
2025-04-08 02:01:13,719 INFO  ExportHelperExtension.cs: 1125 - Retrieving features of type [RefAxis] from nozzle^Assem1.STEP-1
2025-04-08 02:01:13,719 INFO  ExportHelperExtension.cs: 1136 - Found 24 in nozzle^Assem1.STEP-1
2025-04-08 02:01:13,722 INFO  ExportHelperExtension.cs: 1145 - Found 0 features of type [RefAxis] in nozzle^Assem1.STEP-1
2025-04-08 02:01:13,722 INFO  ExportHelperExtension.cs: 1125 - Retrieving features of type [RefAxis] from small link^Assem1.STEP-2
2025-04-08 02:01:13,722 INFO  ExportHelperExtension.cs: 1136 - Found 24 in small link^Assem1.STEP-2
2025-04-08 02:01:13,722 INFO  ExportHelperExtension.cs: 1145 - Found 0 features of type [RefAxis] in small link^Assem1.STEP-2
2025-04-08 02:01:13,723 INFO  ExportHelperExtension.cs: 1125 - Retrieving features of type [RefAxis] from small link^Assem1.STEP-4
2025-04-08 02:01:13,723 INFO  ExportHelperExtension.cs: 1136 - Found 24 in small link^Assem1.STEP-4
2025-04-08 02:01:13,723 INFO  ExportHelperExtension.cs: 1145 - Found 0 features of type [RefAxis] in small link^Assem1.STEP-4
2025-04-08 02:01:13,735 INFO  SwAddin.cs: 339 - Loading config tree
2025-04-08 02:01:13,736 INFO  ExportPropertyManagerExtension.cs: 520 - Starting new configuration
2025-04-08 02:01:13,737 INFO  SwAddin.cs: 344 - Showing property manager
2025-04-08 02:03:13,005 INFO  ExportPropertyManager.cs: 1136 - OnNumberBoxTrackingCompleted called. This method no longer throws an Exception. It just silently does nothing. Ok, except for this logging message
2025-04-08 02:03:33,693 INFO  ExportPropertyManager.cs: 1036 - OnListboxSelectionChanged called. This method no longer throws an Exception. It just silently does nothing. Ok, except for this logging message
2025-04-08 02:03:38,625 INFO  ExportPropertyManager.cs: 1036 - OnListboxSelectionChanged called. This method no longer throws an Exception. It just silently does nothing. Ok, except for this logging message
2025-04-08 02:03:41,489 INFO  ExportPropertyManager.cs: 1036 - OnListboxSelectionChanged called. This method no longer throws an Exception. It just silently does nothing. Ok, except for this logging message
2025-04-08 02:03:42,177 INFO  ExportPropertyManager.cs: 1036 - OnListboxSelectionChanged called. This method no longer throws an Exception. It just silently does nothing. Ok, except for this logging message
2025-04-08 02:03:42,943 INFO  ExportPropertyManager.cs: 1036 - OnListboxSelectionChanged called. This method no longer throws an Exception. It just silently does nothing. Ok, except for this logging message
2025-04-08 02:03:44,135 INFO  ExportPropertyManager.cs: 1036 - OnListboxSelectionChanged called. This method no longer throws an Exception. It just silently does nothing. Ok, except for this logging message
2025-04-08 02:03:47,334 INFO  ExportPropertyManager.cs: 1036 - OnListboxSelectionChanged called. This method no longer throws an Exception. It just silently does nothing. Ok, except for this logging message
2025-04-08 02:03:53,139 INFO  ExportPropertyManager.cs: 1018 - OnComboboxSelectionChanged called. This method no longer throws an Exception. It just silently does nothing. Ok, except for this logging message
2025-04-08 02:08:19,713 INFO  ExportPropertyManager.cs: 1018 - OnComboboxSelectionChanged called. This method no longer throws an Exception. It just silently does nothing. Ok, except for this logging message
2025-04-08 02:08:21,653 INFO  ExportPropertyManager.cs: 1018 - OnComboboxSelectionChanged called. This method no longer throws an Exception. It just silently does nothing. Ok, except for this logging message
2025-04-08 02:08:23,064 INFO  ExportPropertyManager.cs: 1018 - OnComboboxSelectionChanged called. This method no longer throws an Exception. It just silently does nothing. Ok, except for this logging message
2025-04-08 02:08:28,963 INFO  ExportPropertyManager.cs: 1018 - OnComboboxSelectionChanged called. This method no longer throws an Exception. It just silently does nothing. Ok, except for this logging message
2025-04-08 02:10:04,641 INFO  ExportPropertyManager.cs: 422 - Configuration saved
2025-04-08 02:10:05,248 INFO  ExportHelperExtension.cs: 347 - Creating joint molding
2025-04-08 02:10:05,625 WARN  ExportHelperExtension.cs: 351 - Creating joint from parent base_link to child molding failed
2025-04-08 02:10:05,893 INFO  ExportHelperExtension.cs: 1125 - Retrieving features of type [CoordSys] from Assem1.STEP
2025-04-08 02:10:05,908 INFO  ExportHelperExtension.cs: 1136 - Found 135 in Assem1.STEP
2025-04-08 02:10:05,908 INFO  ExportHelperExtension.cs: 1145 - Found 1 features of type [CoordSys] in Assem1.STEP
2025-04-08 02:10:05,909 INFO  ExportHelperExtension.cs: 1148 - Proceeding through assembly components
2025-04-08 02:10:05,909 INFO  ExportHelperExtension.cs: 1160 - 106 components to check
2025-04-08 02:10:05,909 INFO  ExportHelperExtension.cs: 1125 - Retrieving features of type [CoordSys] from moving platten.STEP-1
2025-04-08 02:10:05,909 INFO  ExportHelperExtension.cs: 1136 - Found 24 in moving platten.STEP-1
2025-04-08 02:10:05,910 INFO  ExportHelperExtension.cs: 1145 - Found 0 features of type [CoordSys] in moving platten.STEP-1
2025-04-08 02:10:05,910 INFO  ExportHelperExtension.cs: 1125 - Retrieving features of type [CoordSys] from fixed back^Assem1.STEP-1
2025-04-08 02:10:05,910 INFO  ExportHelperExtension.cs: 1136 - Found 28 in fixed back^Assem1.STEP-1
2025-04-08 02:10:05,910 INFO  ExportHelperExtension.cs: 1145 - Found 0 features of type [CoordSys] in fixed back^Assem1.STEP-1
2025-04-08 02:10:05,911 INFO  ExportHelperExtension.cs: 1125 - Retrieving features of type [CoordSys] from frame^Assem1.STEP-1
2025-04-08 02:10:05,911 INFO  ExportHelperExtension.cs: 1136 - Found 126 in frame^Assem1.STEP-1
2025-04-08 02:10:05,912 INFO  ExportHelperExtension.cs: 1145 - Found 0 features of type [CoordSys] in frame^Assem1.STEP-1
2025-04-08 02:10:05,912 INFO  ExportHelperExtension.cs: 1125 - Retrieving features of type [CoordSys] from DOOR^Assem1.STEP-1
2025-04-08 02:10:05,912 INFO  ExportHelperExtension.cs: 1136 - Found 25 in DOOR^Assem1.STEP-1
2025-04-08 02:10:05,912 INFO  ExportHelperExtension.cs: 1145 - Found 0 features of type [CoordSys] in DOOR^Assem1.STEP-1
2025-04-08 02:10:05,912 INFO  ExportHelperExtension.cs: 1125 - Retrieving features of type [CoordSys] from fixed platten^Assem1.STEP-1
2025-04-08 02:10:05,913 INFO  ExportHelperExtension.cs: 1136 - Found 28 in fixed platten^Assem1.STEP-1
2025-04-08 02:10:05,913 INFO  ExportHelperExtension.cs: 1145 - Found 0 features of type [CoordSys] in fixed platten^Assem1.STEP-1
2025-04-08 02:10:05,913 INFO  ExportHelperExtension.cs: 1125 - Retrieving features of type [CoordSys] from SPRUE BUSH^Assem1.STEP-1
2025-04-08 02:10:05,914 INFO  ExportHelperExtension.cs: 1136 - Found 24 in SPRUE BUSH^Assem1.STEP-1
2025-04-08 02:10:05,914 INFO  ExportHelperExtension.cs: 1145 - Found 0 features of type [CoordSys] in SPRUE BUSH^Assem1.STEP-1
2025-04-08 02:10:05,914 INFO  ExportHelperExtension.cs: 1125 - Retrieving features of type [CoordSys] from DOOR^Assem1.STEP-2
2025-04-08 02:10:05,914 INFO  ExportHelperExtension.cs: 1136 - Found 25 in DOOR^Assem1.STEP-2
2025-04-08 02:10:05,915 INFO  ExportHelperExtension.cs: 1145 - Found 0 features of type [CoordSys] in DOOR^Assem1.STEP-2
2025-04-08 02:10:05,915 INFO  ExportHelperExtension.cs: 1125 - Retrieving features of type [CoordSys] from CAM^Assem1.STEP-1
2025-04-08 02:10:05,915 INFO  ExportHelperExtension.cs: 1136 - Found 24 in CAM^Assem1.STEP-1
2025-04-08 02:10:05,915 INFO  ExportHelperExtension.cs: 1145 - Found 0 features of type [CoordSys] in CAM^Assem1.STEP-1
2025-04-08 02:10:05,916 INFO  ExportHelperExtension.cs: 1125 - Retrieving features of type [CoordSys] from GUIDE PILLER^Assem1.STEP-2
2025-04-08 02:10:05,916 INFO  ExportHelperExtension.cs: 1136 - Found 24 in GUIDE PILLER^Assem1.STEP-2
2025-04-08 02:10:05,916 INFO  ExportHelperExtension.cs: 1145 - Found 0 features of type [CoordSys] in GUIDE PILLER^Assem1.STEP-2
2025-04-08 02:10:05,916 INFO  ExportHelperExtension.cs: 1125 - Retrieving features of type [CoordSys] from CAM HOLDER^Assem1.STEP-2
2025-04-08 02:10:05,917 INFO  ExportHelperExtension.cs: 1136 - Found 24 in CAM HOLDER^Assem1.STEP-2
2025-04-08 02:10:05,917 INFO  ExportHelperExtension.cs: 1145 - Found 0 features of type [CoordSys] in CAM HOLDER^Assem1.STEP-2
2025-04-08 02:10:05,917 INFO  ExportHelperExtension.cs: 1125 - Retrieving features of type [CoordSys] from TOP PLATE^Assem1.STEP-1
2025-04-08 02:10:05,918 INFO  ExportHelperExtension.cs: 1136 - Found 24 in TOP PLATE^Assem1.STEP-1
2025-04-08 02:10:05,918 INFO  ExportHelperExtension.cs: 1145 - Found 0 features of type [CoordSys] in TOP PLATE^Assem1.STEP-1
2025-04-08 02:10:05,918 INFO  ExportHelperExtension.cs: 1125 - Retrieving features of type [CoordSys] from GUIDE PILLER^Assem1.STEP-1
2025-04-08 02:10:05,918 INFO  ExportHelperExtension.cs: 1136 - Found 24 in GUIDE PILLER^Assem1.STEP-1
2025-04-08 02:10:05,919 INFO  ExportHelperExtension.cs: 1145 - Found 0 features of type [CoordSys] in GUIDE PILLER^Assem1.STEP-1
2025-04-08 02:10:05,919 INFO  ExportHelperExtension.cs: 1125 - Retrieving features of type [CoordSys] from CAM HOLDER^Assem1.STEP-8
2025-04-08 02:10:05,919 INFO  ExportHelperExtension.cs: 1136 - Found 24 in CAM HOLDER^Assem1.STEP-8
2025-04-08 02:10:05,920 INFO  ExportHelperExtension.cs: 1145 - Found 0 features of type [CoordSys] in CAM HOLDER^Assem1.STEP-8
2025-04-08 02:10:05,920 INFO  ExportHelperExtension.cs: 1125 - Retrieving features of type [CoordSys] from CAM HOLDER^Assem1.STEP-4
2025-04-08 02:10:05,920 INFO  ExportHelperExtension.cs: 1136 - Found 24 in CAM HOLDER^Assem1.STEP-4
2025-04-08 02:10:05,920 INFO  ExportHelperExtension.cs: 1145 - Found 0 features of type [CoordSys] in CAM HOLDER^Assem1.STEP-4
2025-04-08 02:10:05,921 INFO  ExportHelperExtension.cs: 1125 - Retrieving features of type [CoordSys] from CAM HOLDER^Assem1.STEP-1
2025-04-08 02:10:05,921 INFO  ExportHelperExtension.cs: 1136 - Found 24 in CAM HOLDER^Assem1.STEP-1
2025-04-08 02:10:05,921 INFO  ExportHelperExtension.cs: 1145 - Found 0 features of type [CoordSys] in CAM HOLDER^Assem1.STEP-1
2025-04-08 02:10:05,921 INFO  ExportHelperExtension.cs: 1125 - Retrieving features of type [CoordSys] from GUIDE PILLER^Assem1.STEP-3
2025-04-08 02:10:05,921 INFO  ExportHelperExtension.cs: 1136 - Found 24 in GUIDE PILLER^Assem1.STEP-3
2025-04-08 02:10:05,922 INFO  ExportHelperExtension.cs: 1145 - Found 0 features of type [CoordSys] in GUIDE PILLER^Assem1.STEP-3
2025-04-08 02:10:05,922 INFO  ExportHelperExtension.cs: 1125 - Retrieving features of type [CoordSys] from LOCATING RING^Assem1.STEP-1
2025-04-08 02:10:05,922 INFO  ExportHelperExtension.cs: 1136 - Found 24 in LOCATING RING^Assem1.STEP-1
2025-04-08 02:10:05,922 INFO  ExportHelperExtension.cs: 1145 - Found 0 features of type [CoordSys] in LOCATING RING^Assem1.STEP-1
2025-04-08 02:10:05,923 INFO  ExportHelperExtension.cs: 1125 - Retrieving features of type [CoordSys] from GUIDE PILLER^Assem1.STEP-4
2025-04-08 02:10:05,923 INFO  ExportHelperExtension.cs: 1136 - Found 24 in GUIDE PILLER^Assem1.STEP-4
2025-04-08 02:10:05,923 INFO  ExportHelperExtension.cs: 1145 - Found 0 features of type [CoordSys] in GUIDE PILLER^Assem1.STEP-4
2025-04-08 02:10:05,923 INFO  ExportHelperExtension.cs: 1125 - Retrieving features of type [CoordSys] from CAM HOLDER^Assem1.STEP-5
2025-04-08 02:10:05,924 INFO  ExportHelperExtension.cs: 1136 - Found 24 in CAM HOLDER^Assem1.STEP-5
2025-04-08 02:10:05,924 INFO  ExportHelperExtension.cs: 1145 - Found 0 features of type [CoordSys] in CAM HOLDER^Assem1.STEP-5
2025-04-08 02:10:05,924 INFO  ExportHelperExtension.cs: 1125 - Retrieving features of type [CoordSys] from CAVITY PLATE^Assem1.STEP-1
2025-04-08 02:10:05,924 INFO  ExportHelperExtension.cs: 1136 - Found 24 in CAVITY PLATE^Assem1.STEP-1
2025-04-08 02:10:05,925 INFO  ExportHelperExtension.cs: 1145 - Found 0 features of type [CoordSys] in CAVITY PLATE^Assem1.STEP-1
2025-04-08 02:10:05,925 INFO  ExportHelperExtension.cs: 1125 - Retrieving features of type [CoordSys] from CAM HOLDER^Assem1.STEP-7
2025-04-08 02:10:05,925 INFO  ExportHelperExtension.cs: 1136 - Found 24 in CAM HOLDER^Assem1.STEP-7
2025-04-08 02:10:05,925 INFO  ExportHelperExtension.cs: 1145 - Found 0 features of type [CoordSys] in CAM HOLDER^Assem1.STEP-7
2025-04-08 02:10:05,926 INFO  ExportHelperExtension.cs: 1125 - Retrieving features of type [CoordSys] from CAM HOLDER^Assem1.STEP-3
2025-04-08 02:10:05,926 INFO  ExportHelperExtension.cs: 1136 - Found 24 in CAM HOLDER^Assem1.STEP-3
2025-04-08 02:10:05,926 INFO  ExportHelperExtension.cs: 1145 - Found 0 features of type [CoordSys] in CAM HOLDER^Assem1.STEP-3
2025-04-08 02:10:05,926 INFO  ExportHelperExtension.cs: 1125 - Retrieving features of type [CoordSys] from CAM^Assem1.STEP-6
2025-04-08 02:10:05,927 INFO  ExportHelperExtension.cs: 1136 - Found 24 in CAM^Assem1.STEP-6
2025-04-08 02:10:05,927 INFO  ExportHelperExtension.cs: 1145 - Found 0 features of type [CoordSys] in CAM^Assem1.STEP-6
2025-04-08 02:10:05,927 INFO  ExportHelperExtension.cs: 1125 - Retrieving features of type [CoordSys] from CAM HOLDER^Assem1.STEP-6
2025-04-08 02:10:05,927 INFO  ExportHelperExtension.cs: 1136 - Found 24 in CAM HOLDER^Assem1.STEP-6
2025-04-08 02:10:05,927 INFO  ExportHelperExtension.cs: 1145 - Found 0 features of type [CoordSys] in CAM HOLDER^Assem1.STEP-6
2025-04-08 02:10:05,928 INFO  ExportHelperExtension.cs: 1125 - Retrieving features of type [CoordSys] from CAM^Assem1.STEP-7
2025-04-08 02:10:05,928 INFO  ExportHelperExtension.cs: 1136 - Found 24 in CAM^Assem1.STEP-7
2025-04-08 02:10:05,928 INFO  ExportHelperExtension.cs: 1145 - Found 0 features of type [CoordSys] in CAM^Assem1.STEP-7
2025-04-08 02:10:05,928 INFO  ExportHelperExtension.cs: 1125 - Retrieving features of type [CoordSys] from CAM^Assem1.STEP-4
2025-04-08 02:10:05,929 INFO  ExportHelperExtension.cs: 1136 - Found 24 in CAM^Assem1.STEP-4
2025-04-08 02:10:05,929 INFO  ExportHelperExtension.cs: 1145 - Found 0 features of type [CoordSys] in CAM^Assem1.STEP-4
2025-04-08 02:10:05,929 INFO  ExportHelperExtension.cs: 1125 - Retrieving features of type [CoordSys] from CAM^Assem1.STEP-2
2025-04-08 02:10:05,929 INFO  ExportHelperExtension.cs: 1136 - Found 24 in CAM^Assem1.STEP-2
2025-04-08 02:10:05,930 INFO  ExportHelperExtension.cs: 1145 - Found 0 features of type [CoordSys] in CAM^Assem1.STEP-2
2025-04-08 02:10:05,930 INFO  ExportHelperExtension.cs: 1125 - Retrieving features of type [CoordSys] from CAM^Assem1.STEP-5
2025-04-08 02:10:05,930 INFO  ExportHelperExtension.cs: 1136 - Found 24 in CAM^Assem1.STEP-5
2025-04-08 02:10:05,930 INFO  ExportHelperExtension.cs: 1145 - Found 0 features of type [CoordSys] in CAM^Assem1.STEP-5
2025-04-08 02:10:05,931 INFO  ExportHelperExtension.cs: 1125 - Retrieving features of type [CoordSys] from WEDGE BLOCK^Assem1.STEP-3
2025-04-08 02:10:05,931 INFO  ExportHelperExtension.cs: 1136 - Found 24 in WEDGE BLOCK^Assem1.STEP-3
2025-04-08 02:10:05,931 INFO  ExportHelperExtension.cs: 1145 - Found 0 features of type [CoordSys] in WEDGE BLOCK^Assem1.STEP-3
2025-04-08 02:10:05,932 INFO  ExportHelperExtension.cs: 1125 - Retrieving features of type [CoordSys] from WEDGE BLOCK PLATE^Assem1.STEP-2
2025-04-08 02:10:05,932 INFO  ExportHelperExtension.cs: 1136 - Found 24 in WEDGE BLOCK PLATE^Assem1.STEP-2
2025-04-08 02:10:05,932 INFO  ExportHelperExtension.cs: 1145 - Found 0 features of type [CoordSys] in WEDGE BLOCK PLATE^Assem1.STEP-2
2025-04-08 02:10:05,933 INFO  ExportHelperExtension.cs: 1125 - Retrieving features of type [CoordSys] from WEDGE BLOCK PLATE^Assem1.STEP-4
2025-04-08 02:10:05,933 INFO  ExportHelperExtension.cs: 1136 - Found 24 in WEDGE BLOCK PLATE^Assem1.STEP-4
2025-04-08 02:10:05,933 INFO  ExportHelperExtension.cs: 1145 - Found 0 features of type [CoordSys] in WEDGE BLOCK PLATE^Assem1.STEP-4
2025-04-08 02:10:05,933 INFO  ExportHelperExtension.cs: 1125 - Retrieving features of type [CoordSys] from GUIDE BUSH^Assem1.STEP-2
2025-04-08 02:10:05,934 INFO  ExportHelperExtension.cs: 1136 - Found 24 in GUIDE BUSH^Assem1.STEP-2
2025-04-08 02:10:05,934 INFO  ExportHelperExtension.cs: 1145 - Found 0 features of type [CoordSys] in GUIDE BUSH^Assem1.STEP-2
2025-04-08 02:10:05,935 INFO  ExportHelperExtension.cs: 1125 - Retrieving features of type [CoordSys] from GUIDE BUSH^Assem1.STEP-4
2025-04-08 02:10:05,935 INFO  ExportHelperExtension.cs: 1136 - Found 24 in GUIDE BUSH^Assem1.STEP-4
2025-04-08 02:10:05,935 INFO  ExportHelperExtension.cs: 1145 - Found 0 features of type [CoordSys] in GUIDE BUSH^Assem1.STEP-4
2025-04-08 02:10:05,935 INFO  ExportHelperExtension.cs: 1125 - Retrieving features of type [CoordSys] from CAM^Assem1.STEP-3
2025-04-08 02:10:05,936 INFO  ExportHelperExtension.cs: 1136 - Found 24 in CAM^Assem1.STEP-3
2025-04-08 02:10:05,936 INFO  ExportHelperExtension.cs: 1145 - Found 0 features of type [CoordSys] in CAM^Assem1.STEP-3
2025-04-08 02:10:05,936 INFO  ExportHelperExtension.cs: 1125 - Retrieving features of type [CoordSys] from CAM^Assem1.STEP-8
2025-04-08 02:10:05,969 INFO  ExportHelperExtension.cs: 1136 - Found 24 in CAM^Assem1.STEP-8
2025-04-08 02:10:05,969 INFO  ExportHelperExtension.cs: 1145 - Found 0 features of type [CoordSys] in CAM^Assem1.STEP-8
2025-04-08 02:10:05,970 INFO  ExportHelperExtension.cs: 1125 - Retrieving features of type [CoordSys] from WEDGE BLOCK^Assem1.STEP-1
2025-04-08 02:10:05,970 INFO  ExportHelperExtension.cs: 1136 - Found 24 in WEDGE BLOCK^Assem1.STEP-1
2025-04-08 02:10:05,971 INFO  ExportHelperExtension.cs: 1145 - Found 0 features of type [CoordSys] in WEDGE BLOCK^Assem1.STEP-1
2025-04-08 02:10:05,971 INFO  ExportHelperExtension.cs: 1125 - Retrieving features of type [CoordSys] from WEDGE BLOCK PLATE^Assem1.STEP-1
2025-04-08 02:10:05,971 INFO  ExportHelperExtension.cs: 1136 - Found 24 in WEDGE BLOCK PLATE^Assem1.STEP-1
2025-04-08 02:10:05,971 INFO  ExportHelperExtension.cs: 1145 - Found 0 features of type [CoordSys] in WEDGE BLOCK PLATE^Assem1.STEP-1
2025-04-08 02:10:05,972 INFO  ExportHelperExtension.cs: 1125 - Retrieving features of type [CoordSys] from WEDGE BLOCK^Assem1.STEP-2
2025-04-08 02:10:05,972 INFO  ExportHelperExtension.cs: 1136 - Found 24 in WEDGE BLOCK^Assem1.STEP-2
2025-04-08 02:10:05,972 INFO  ExportHelperExtension.cs: 1145 - Found 0 features of type [CoordSys] in WEDGE BLOCK^Assem1.STEP-2
2025-04-08 02:10:05,972 INFO  ExportHelperExtension.cs: 1125 - Retrieving features of type [CoordSys] from WEDGE BLOCK^Assem1.STEP-4
2025-04-08 02:10:05,973 INFO  ExportHelperExtension.cs: 1136 - Found 24 in WEDGE BLOCK^Assem1.STEP-4
2025-04-08 02:10:05,973 INFO  ExportHelperExtension.cs: 1145 - Found 0 features of type [CoordSys] in WEDGE BLOCK^Assem1.STEP-4
2025-04-08 02:10:05,973 INFO  ExportHelperExtension.cs: 1125 - Retrieving features of type [CoordSys] from GUIDE BUSH^Assem1.STEP-1
2025-04-08 02:10:05,973 INFO  ExportHelperExtension.cs: 1136 - Found 24 in GUIDE BUSH^Assem1.STEP-1
2025-04-08 02:10:05,974 INFO  ExportHelperExtension.cs: 1145 - Found 0 features of type [CoordSys] in GUIDE BUSH^Assem1.STEP-1
2025-04-08 02:10:05,974 INFO  ExportHelperExtension.cs: 1125 - Retrieving features of type [CoordSys] from WEDGE BLOCK PLATE^Assem1.STEP-3
2025-04-08 02:10:05,974 INFO  ExportHelperExtension.cs: 1136 - Found 24 in WEDGE BLOCK PLATE^Assem1.STEP-3
2025-04-08 02:10:05,975 INFO  ExportHelperExtension.cs: 1145 - Found 0 features of type [CoordSys] in WEDGE BLOCK PLATE^Assem1.STEP-3
2025-04-08 02:10:05,975 INFO  ExportHelperExtension.cs: 1125 - Retrieving features of type [CoordSys] from GUIDE RAIL^Assem1.STEP-1
2025-04-08 02:10:05,975 INFO  ExportHelperExtension.cs: 1136 - Found 24 in GUIDE RAIL^Assem1.STEP-1
2025-04-08 02:10:05,975 INFO  ExportHelperExtension.cs: 1145 - Found 0 features of type [CoordSys] in GUIDE RAIL^Assem1.STEP-1
2025-04-08 02:10:05,976 INFO  ExportHelperExtension.cs: 1125 - Retrieving features of type [CoordSys] from CORE PLATE^Assem1.STEP-1
2025-04-08 02:10:05,976 INFO  ExportHelperExtension.cs: 1136 - Found 24 in CORE PLATE^Assem1.STEP-1
2025-04-08 02:10:05,976 INFO  ExportHelperExtension.cs: 1145 - Found 0 features of type [CoordSys] in CORE PLATE^Assem1.STEP-1
2025-04-08 02:10:05,976 INFO  ExportHelperExtension.cs: 1125 - Retrieving features of type [CoordSys] from GUIDE BUSH^Assem1.STEP-3
2025-04-08 02:10:05,977 INFO  ExportHelperExtension.cs: 1136 - Found 24 in GUIDE BUSH^Assem1.STEP-3
2025-04-08 02:10:05,977 INFO  ExportHelperExtension.cs: 1145 - Found 0 features of type [CoordSys] in GUIDE BUSH^Assem1.STEP-3
2025-04-08 02:10:05,977 INFO  ExportHelperExtension.cs: 1125 - Retrieving features of type [CoordSys] from GUIDE RAIL^Assem1.STEP-3
2025-04-08 02:10:05,977 INFO  ExportHelperExtension.cs: 1136 - Found 24 in GUIDE RAIL^Assem1.STEP-3
2025-04-08 02:10:05,978 INFO  ExportHelperExtension.cs: 1145 - Found 0 features of type [CoordSys] in GUIDE RAIL^Assem1.STEP-3
2025-04-08 02:10:05,978 INFO  ExportHelperExtension.cs: 1125 - Retrieving features of type [CoordSys] from GUIDE RAIL^Assem1.STEP-4
2025-04-08 02:10:05,978 INFO  ExportHelperExtension.cs: 1136 - Found 24 in GUIDE RAIL^Assem1.STEP-4
2025-04-08 02:10:05,978 INFO  ExportHelperExtension.cs: 1145 - Found 0 features of type [CoordSys] in GUIDE RAIL^Assem1.STEP-4
2025-04-08 02:10:05,979 INFO  ExportHelperExtension.cs: 1125 - Retrieving features of type [CoordSys] from GUIDE RAIL^Assem1.STEP-6
2025-04-08 02:10:05,979 INFO  ExportHelperExtension.cs: 1136 - Found 24 in GUIDE RAIL^Assem1.STEP-6
2025-04-08 02:10:05,979 INFO  ExportHelperExtension.cs: 1145 - Found 0 features of type [CoordSys] in GUIDE RAIL^Assem1.STEP-6
2025-04-08 02:10:05,979 INFO  ExportHelperExtension.cs: 1125 - Retrieving features of type [CoordSys] from GUIDE RAIL^Assem1.STEP-2
2025-04-08 02:10:05,980 INFO  ExportHelperExtension.cs: 1136 - Found 24 in GUIDE RAIL^Assem1.STEP-2
2025-04-08 02:10:05,980 INFO  ExportHelperExtension.cs: 1145 - Found 0 features of type [CoordSys] in GUIDE RAIL^Assem1.STEP-2
2025-04-08 02:10:05,980 INFO  ExportHelperExtension.cs: 1125 - Retrieving features of type [CoordSys] from GUIDE RAIL^Assem1.STEP-7
2025-04-08 02:10:05,980 INFO  ExportHelperExtension.cs: 1136 - Found 24 in GUIDE RAIL^Assem1.STEP-7
2025-04-08 02:10:05,981 INFO  ExportHelperExtension.cs: 1145 - Found 0 features of type [CoordSys] in GUIDE RAIL^Assem1.STEP-7
2025-04-08 02:10:05,981 INFO  ExportHelperExtension.cs: 1125 - Retrieving features of type [CoordSys] from GUIDE RAIL^Assem1.STEP-8
2025-04-08 02:10:05,981 INFO  ExportHelperExtension.cs: 1136 - Found 24 in GUIDE RAIL^Assem1.STEP-8
2025-04-08 02:10:05,982 INFO  ExportHelperExtension.cs: 1145 - Found 0 features of type [CoordSys] in GUIDE RAIL^Assem1.STEP-8
2025-04-08 02:10:05,982 INFO  ExportHelperExtension.cs: 1125 - Retrieving features of type [CoordSys] from CAVITY BLOCK 1^Assem1.STEP-1
2025-04-08 02:10:05,982 INFO  ExportHelperExtension.cs: 1136 - Found 24 in CAVITY BLOCK 1^Assem1.STEP-1
2025-04-08 02:10:05,982 INFO  ExportHelperExtension.cs: 1145 - Found 0 features of type [CoordSys] in CAVITY BLOCK 1^Assem1.STEP-1
2025-04-08 02:10:05,983 INFO  ExportHelperExtension.cs: 1125 - Retrieving features of type [CoordSys] from CAVITY BLOCK 2^Assem1.STEP-1
2025-04-08 02:10:05,983 INFO  ExportHelperExtension.cs: 1136 - Found 24 in CAVITY BLOCK 2^Assem1.STEP-1
2025-04-08 02:10:05,983 INFO  ExportHelperExtension.cs: 1145 - Found 0 features of type [CoordSys] in CAVITY BLOCK 2^Assem1.STEP-1
2025-04-08 02:10:05,983 INFO  ExportHelperExtension.cs: 1125 - Retrieving features of type [CoordSys] from GUIDE RAIL^Assem1.STEP-5
2025-04-08 02:10:05,984 INFO  ExportHelperExtension.cs: 1136 - Found 24 in GUIDE RAIL^Assem1.STEP-5
2025-04-08 02:10:05,984 INFO  ExportHelperExtension.cs: 1145 - Found 0 features of type [CoordSys] in GUIDE RAIL^Assem1.STEP-5
2025-04-08 02:10:05,984 INFO  ExportHelperExtension.cs: 1125 - Retrieving features of type [CoordSys] from BOTTOM PLATE^Assem1.STEP-1
2025-04-08 02:10:05,984 INFO  ExportHelperExtension.cs: 1136 - Found 24 in BOTTOM PLATE^Assem1.STEP-1
2025-04-08 02:10:05,985 INFO  ExportHelperExtension.cs: 1145 - Found 0 features of type [CoordSys] in BOTTOM PLATE^Assem1.STEP-1
2025-04-08 02:10:05,985 INFO  ExportHelperExtension.cs: 1125 - Retrieving features of type [CoordSys] from RISER BLOCK^Assem1.STEP-2
2025-04-08 02:10:05,985 INFO  ExportHelperExtension.cs: 1136 - Found 24 in RISER BLOCK^Assem1.STEP-2
2025-04-08 02:10:05,986 INFO  ExportHelperExtension.cs: 1145 - Found 0 features of type [CoordSys] in RISER BLOCK^Assem1.STEP-2
2025-04-08 02:10:05,986 INFO  ExportHelperExtension.cs: 1125 - Retrieving features of type [CoordSys] from EJ. PIN^Assem1.STEP-1
2025-04-08 02:10:05,986 INFO  ExportHelperExtension.cs: 1136 - Found 24 in EJ. PIN^Assem1.STEP-1
2025-04-08 02:10:05,986 INFO  ExportHelperExtension.cs: 1145 - Found 0 features of type [CoordSys] in EJ. PIN^Assem1.STEP-1
2025-04-08 02:10:05,987 INFO  ExportHelperExtension.cs: 1125 - Retrieving features of type [CoordSys] from EJ PLATE^Assem1.STEP-1
2025-04-08 02:10:05,987 INFO  ExportHelperExtension.cs: 1136 - Found 24 in EJ PLATE^Assem1.STEP-1
2025-04-08 02:10:05,987 INFO  ExportHelperExtension.cs: 1145 - Found 0 features of type [CoordSys] in EJ PLATE^Assem1.STEP-1
2025-04-08 02:10:05,987 INFO  ExportHelperExtension.cs: 1125 - Retrieving features of type [CoordSys] from SUPPORT PLATE^Assem1.STEP-1
2025-04-08 02:10:05,988 INFO  ExportHelperExtension.cs: 1136 - Found 24 in SUPPORT PLATE^Assem1.STEP-1
2025-04-08 02:10:05,988 INFO  ExportHelperExtension.cs: 1145 - Found 0 features of type [CoordSys] in SUPPORT PLATE^Assem1.STEP-1
2025-04-08 02:10:05,988 INFO  ExportHelperExtension.cs: 1125 - Retrieving features of type [CoordSys] from RISER BLOCK^Assem1.STEP-1
2025-04-08 02:10:05,988 INFO  ExportHelperExtension.cs: 1136 - Found 24 in RISER BLOCK^Assem1.STEP-1
2025-04-08 02:10:05,989 INFO  ExportHelperExtension.cs: 1145 - Found 0 features of type [CoordSys] in RISER BLOCK^Assem1.STEP-1
2025-04-08 02:10:05,989 INFO  ExportHelperExtension.cs: 1125 - Retrieving features of type [CoordSys] from CORE^Assem1.STEP-1
2025-04-08 02:10:05,989 INFO  ExportHelperExtension.cs: 1136 - Found 24 in CORE^Assem1.STEP-1
2025-04-08 02:10:05,990 INFO  ExportHelperExtension.cs: 1145 - Found 0 features of type [CoordSys] in CORE^Assem1.STEP-1
2025-04-08 02:10:05,990 INFO  ExportHelperExtension.cs: 1125 - Retrieving features of type [CoordSys] from CAVITY BLOCK 2^Assem1.STEP-2
2025-04-08 02:10:05,990 INFO  ExportHelperExtension.cs: 1136 - Found 24 in CAVITY BLOCK 2^Assem1.STEP-2
2025-04-08 02:10:05,990 INFO  ExportHelperExtension.cs: 1145 - Found 0 features of type [CoordSys] in CAVITY BLOCK 2^Assem1.STEP-2
2025-04-08 02:10:05,991 INFO  ExportHelperExtension.cs: 1125 - Retrieving features of type [CoordSys] from CORE^Assem1.STEP-2
2025-04-08 02:10:05,991 INFO  ExportHelperExtension.cs: 1136 - Found 24 in CORE^Assem1.STEP-2
2025-04-08 02:10:05,991 INFO  ExportHelperExtension.cs: 1145 - Found 0 features of type [CoordSys] in CORE^Assem1.STEP-2
2025-04-08 02:10:05,991 INFO  ExportHelperExtension.cs: 1125 - Retrieving features of type [CoordSys] from EJ BACK PLATE^Assem1.STEP-1
2025-04-08 02:10:05,992 INFO  ExportHelperExtension.cs: 1136 - Found 24 in EJ BACK PLATE^Assem1.STEP-1
2025-04-08 02:10:05,992 INFO  ExportHelperExtension.cs: 1145 - Found 0 features of type [CoordSys] in EJ BACK PLATE^Assem1.STEP-1
2025-04-08 02:10:05,992 INFO  ExportHelperExtension.cs: 1125 - Retrieving features of type [CoordSys] from CAVITY BLOCK 1^Assem1.STEP-2
2025-04-08 02:10:05,992 INFO  ExportHelperExtension.cs: 1136 - Found 24 in CAVITY BLOCK 1^Assem1.STEP-2
2025-04-08 02:10:05,993 INFO  ExportHelperExtension.cs: 1145 - Found 0 features of type [CoordSys] in CAVITY BLOCK 1^Assem1.STEP-2
2025-04-08 02:10:05,993 INFO  ExportHelperExtension.cs: 1125 - Retrieving features of type [CoordSys] from EJ. GUIDE BUSH^Assem1.STEP-1
2025-04-08 02:10:05,993 INFO  ExportHelperExtension.cs: 1136 - Found 24 in EJ. GUIDE BUSH^Assem1.STEP-1
2025-04-08 02:10:05,993 INFO  ExportHelperExtension.cs: 1145 - Found 0 features of type [CoordSys] in EJ. GUIDE BUSH^Assem1.STEP-1
2025-04-08 02:10:05,994 INFO  ExportHelperExtension.cs: 1125 - Retrieving features of type [CoordSys] from EJ. GUIDE PILLKER^Assem1.STEP-1
2025-04-08 02:10:05,994 INFO  ExportHelperExtension.cs: 1136 - Found 24 in EJ. GUIDE PILLKER^Assem1.STEP-1
2025-04-08 02:10:05,994 INFO  ExportHelperExtension.cs: 1145 - Found 0 features of type [CoordSys] in EJ. GUIDE PILLKER^Assem1.STEP-1
2025-04-08 02:10:05,995 INFO  ExportHelperExtension.cs: 1125 - Retrieving features of type [CoordSys] from EJ. PIN^Assem1.STEP-7
2025-04-08 02:10:05,995 INFO  ExportHelperExtension.cs: 1136 - Found 24 in EJ. PIN^Assem1.STEP-7
2025-04-08 02:10:05,995 INFO  ExportHelperExtension.cs: 1145 - Found 0 features of type [CoordSys] in EJ. PIN^Assem1.STEP-7
2025-04-08 02:10:05,995 INFO  ExportHelperExtension.cs: 1125 - Retrieving features of type [CoordSys] from EJ. PIN^Assem1.STEP-6
2025-04-08 02:10:05,995 INFO  ExportHelperExtension.cs: 1136 - Found 24 in EJ. PIN^Assem1.STEP-6
2025-04-08 02:10:05,996 INFO  ExportHelperExtension.cs: 1145 - Found 0 features of type [CoordSys] in EJ. PIN^Assem1.STEP-6
2025-04-08 02:10:05,996 INFO  ExportHelperExtension.cs: 1125 - Retrieving features of type [CoordSys] from EJ. PIN^Assem1.STEP-2
2025-04-08 02:10:05,996 INFO  ExportHelperExtension.cs: 1136 - Found 24 in EJ. PIN^Assem1.STEP-2
2025-04-08 02:10:05,997 INFO  ExportHelperExtension.cs: 1145 - Found 0 features of type [CoordSys] in EJ. PIN^Assem1.STEP-2
2025-04-08 02:10:05,997 INFO  ExportHelperExtension.cs: 1125 - Retrieving features of type [CoordSys] from EJ. PIN^Assem1.STEP-5
2025-04-08 02:10:05,997 INFO  ExportHelperExtension.cs: 1136 - Found 24 in EJ. PIN^Assem1.STEP-5
2025-04-08 02:10:05,997 INFO  ExportHelperExtension.cs: 1145 - Found 0 features of type [CoordSys] in EJ. PIN^Assem1.STEP-5
2025-04-08 02:10:05,998 INFO  ExportHelperExtension.cs: 1125 - Retrieving features of type [CoordSys] from EJ. PIN^Assem1.STEP-4
2025-04-08 02:10:05,998 INFO  ExportHelperExtension.cs: 1136 - Found 24 in EJ. PIN^Assem1.STEP-4
2025-04-08 02:10:05,998 INFO  ExportHelperExtension.cs: 1145 - Found 0 features of type [CoordSys] in EJ. PIN^Assem1.STEP-4
2025-04-08 02:10:05,998 INFO  ExportHelperExtension.cs: 1125 - Retrieving features of type [CoordSys] from EJ. PIN^Assem1.STEP-8
2025-04-08 02:10:05,999 INFO  ExportHelperExtension.cs: 1136 - Found 24 in EJ. PIN^Assem1.STEP-8
2025-04-08 02:10:05,999 INFO  ExportHelperExtension.cs: 1145 - Found 0 features of type [CoordSys] in EJ. PIN^Assem1.STEP-8
2025-04-08 02:10:05,999 INFO  ExportHelperExtension.cs: 1125 - Retrieving features of type [CoordSys] from SUPPORT ROD^Assem1.STEP-1
2025-04-08 02:10:05,999 INFO  ExportHelperExtension.cs: 1136 - Found 24 in SUPPORT ROD^Assem1.STEP-1
2025-04-08 02:10:06,002 INFO  ExportHelperExtension.cs: 1145 - Found 0 features of type [CoordSys] in SUPPORT ROD^Assem1.STEP-1
2025-04-08 02:10:06,003 INFO  ExportHelperExtension.cs: 1125 - Retrieving features of type [CoordSys] from SUPPORT ROD^Assem1.STEP-5
2025-04-08 02:10:06,003 INFO  ExportHelperExtension.cs: 1136 - Found 24 in SUPPORT ROD^Assem1.STEP-5
2025-04-08 02:10:06,003 INFO  ExportHelperExtension.cs: 1145 - Found 0 features of type [CoordSys] in SUPPORT ROD^Assem1.STEP-5
2025-04-08 02:10:06,003 INFO  ExportHelperExtension.cs: 1125 - Retrieving features of type [CoordSys] from SUPPORT ROD^Assem1.STEP-2
2025-04-08 02:10:06,004 INFO  ExportHelperExtension.cs: 1136 - Found 24 in SUPPORT ROD^Assem1.STEP-2
2025-04-08 02:10:06,004 INFO  ExportHelperExtension.cs: 1145 - Found 0 features of type [CoordSys] in SUPPORT ROD^Assem1.STEP-2
2025-04-08 02:10:06,004 INFO  ExportHelperExtension.cs: 1125 - Retrieving features of type [CoordSys] from SUPPORT ROD^Assem1.STEP-6
2025-04-08 02:10:06,004 INFO  ExportHelperExtension.cs: 1136 - Found 24 in SUPPORT ROD^Assem1.STEP-6
2025-04-08 02:10:06,005 INFO  ExportHelperExtension.cs: 1145 - Found 0 features of type [CoordSys] in SUPPORT ROD^Assem1.STEP-6
2025-04-08 02:10:06,005 INFO  ExportHelperExtension.cs: 1125 - Retrieving features of type [CoordSys] from EJ. GUIDE BUSH^Assem1.STEP-4
2025-04-08 02:10:06,015 INFO  ExportHelperExtension.cs: 1136 - Found 24 in EJ. GUIDE BUSH^Assem1.STEP-4
2025-04-08 02:10:06,016 INFO  ExportHelperExtension.cs: 1145 - Found 0 features of type [CoordSys] in EJ. GUIDE BUSH^Assem1.STEP-4
2025-04-08 02:10:06,016 INFO  ExportHelperExtension.cs: 1125 - Retrieving features of type [CoordSys] from EJ. PIN^Assem1.STEP-3
2025-04-08 02:10:06,016 INFO  ExportHelperExtension.cs: 1136 - Found 24 in EJ. PIN^Assem1.STEP-3
2025-04-08 02:10:06,017 INFO  ExportHelperExtension.cs: 1145 - Found 0 features of type [CoordSys] in EJ. PIN^Assem1.STEP-3
2025-04-08 02:10:06,017 INFO  ExportHelperExtension.cs: 1125 - Retrieving features of type [CoordSys] from EJ. GUIDE BUSH^Assem1.STEP-3
2025-04-08 02:10:06,017 INFO  ExportHelperExtension.cs: 1136 - Found 24 in EJ. GUIDE BUSH^Assem1.STEP-3
2025-04-08 02:10:06,017 INFO  ExportHelperExtension.cs: 1145 - Found 0 features of type [CoordSys] in EJ. GUIDE BUSH^Assem1.STEP-3
2025-04-08 02:10:06,018 INFO  ExportHelperExtension.cs: 1125 - Retrieving features of type [CoordSys] from EJ. GUIDE PILLKER^Assem1.STEP-4
2025-04-08 02:10:06,018 INFO  ExportHelperExtension.cs: 1136 - Found 24 in EJ. GUIDE PILLKER^Assem1.STEP-4
2025-04-08 02:10:06,018 INFO  ExportHelperExtension.cs: 1145 - Found 0 features of type [CoordSys] in EJ. GUIDE PILLKER^Assem1.STEP-4
2025-04-08 02:10:06,018 INFO  ExportHelperExtension.cs: 1125 - Retrieving features of type [CoordSys] from EJ. GUIDE PILLKER^Assem1.STEP-2
2025-04-08 02:10:06,019 INFO  ExportHelperExtension.cs: 1136 - Found 24 in EJ. GUIDE PILLKER^Assem1.STEP-2
2025-04-08 02:10:06,019 INFO  ExportHelperExtension.cs: 1145 - Found 0 features of type [CoordSys] in EJ. GUIDE PILLKER^Assem1.STEP-2
2025-04-08 02:10:06,019 INFO  ExportHelperExtension.cs: 1125 - Retrieving features of type [CoordSys] from EJ. GUIDE BUSH^Assem1.STEP-2
2025-04-08 02:10:06,019 INFO  ExportHelperExtension.cs: 1136 - Found 24 in EJ. GUIDE BUSH^Assem1.STEP-2
2025-04-08 02:10:06,020 INFO  ExportHelperExtension.cs: 1145 - Found 0 features of type [CoordSys] in EJ. GUIDE BUSH^Assem1.STEP-2
2025-04-08 02:10:06,020 INFO  ExportHelperExtension.cs: 1125 - Retrieving features of type [CoordSys] from SUPPORT ROD^Assem1.STEP-3
2025-04-08 02:10:06,020 INFO  ExportHelperExtension.cs: 1136 - Found 24 in SUPPORT ROD^Assem1.STEP-3
2025-04-08 02:10:06,020 INFO  ExportHelperExtension.cs: 1145 - Found 0 features of type [CoordSys] in SUPPORT ROD^Assem1.STEP-3
2025-04-08 02:10:06,021 INFO  ExportHelperExtension.cs: 1125 - Retrieving features of type [CoordSys] from EJ. GUIDE PILLKER^Assem1.STEP-3
2025-04-08 02:10:06,021 INFO  ExportHelperExtension.cs: 1136 - Found 24 in EJ. GUIDE PILLKER^Assem1.STEP-3
2025-04-08 02:10:06,021 INFO  ExportHelperExtension.cs: 1145 - Found 0 features of type [CoordSys] in EJ. GUIDE PILLKER^Assem1.STEP-3
2025-04-08 02:10:06,021 INFO  ExportHelperExtension.cs: 1125 - Retrieving features of type [CoordSys] from SUPPORT ROD^Assem1.STEP-4
2025-04-08 02:10:06,021 INFO  ExportHelperExtension.cs: 1136 - Found 24 in SUPPORT ROD^Assem1.STEP-4
2025-04-08 02:10:06,022 INFO  ExportHelperExtension.cs: 1145 - Found 0 features of type [CoordSys] in SUPPORT ROD^Assem1.STEP-4
2025-04-08 02:10:06,022 INFO  ExportHelperExtension.cs: 1125 - Retrieving features of type [CoordSys] from link 3^Assem1.STEP-3
2025-04-08 02:10:06,022 INFO  ExportHelperExtension.cs: 1136 - Found 24 in link 3^Assem1.STEP-3
2025-04-08 02:10:06,022 INFO  ExportHelperExtension.cs: 1145 - Found 0 features of type [CoordSys] in link 3^Assem1.STEP-3
2025-04-08 02:10:06,023 INFO  ExportHelperExtension.cs: 1125 - Retrieving features of type [CoordSys] from link 3^Assem1.STEP-2
2025-04-08 02:10:06,023 INFO  ExportHelperExtension.cs: 1136 - Found 24 in link 3^Assem1.STEP-2
2025-04-08 02:10:06,023 INFO  ExportHelperExtension.cs: 1145 - Found 0 features of type [CoordSys] in link 3^Assem1.STEP-2
2025-04-08 02:10:06,023 INFO  ExportHelperExtension.cs: 1125 - Retrieving features of type [CoordSys] from SUPPORT ROD^Assem1.STEP-7
2025-04-08 02:10:06,024 INFO  ExportHelperExtension.cs: 1136 - Found 24 in SUPPORT ROD^Assem1.STEP-7
2025-04-08 02:10:06,024 INFO  ExportHelperExtension.cs: 1145 - Found 0 features of type [CoordSys] in SUPPORT ROD^Assem1.STEP-7
2025-04-08 02:10:06,024 INFO  ExportHelperExtension.cs: 1125 - Retrieving features of type [CoordSys] from SUPPORT ROD^Assem1.STEP-9
2025-04-08 02:10:06,024 INFO  ExportHelperExtension.cs: 1136 - Found 24 in SUPPORT ROD^Assem1.STEP-9
2025-04-08 02:10:06,025 INFO  ExportHelperExtension.cs: 1145 - Found 0 features of type [CoordSys] in SUPPORT ROD^Assem1.STEP-9
2025-04-08 02:10:06,025 INFO  ExportHelperExtension.cs: 1125 - Retrieving features of type [CoordSys] from cylinder end^Assem1.STEP-1
2025-04-08 02:10:06,025 INFO  ExportHelperExtension.cs: 1136 - Found 25 in cylinder end^Assem1.STEP-1
2025-04-08 02:10:06,025 INFO  ExportHelperExtension.cs: 1145 - Found 0 features of type [CoordSys] in cylinder end^Assem1.STEP-1
2025-04-08 02:10:06,026 INFO  ExportHelperExtension.cs: 1125 - Retrieving features of type [CoordSys] from link 10080^Assem1.STEP-2
2025-04-08 02:10:06,026 INFO  ExportHelperExtension.cs: 1136 - Found 24 in link 10080^Assem1.STEP-2
2025-04-08 02:10:06,026 INFO  ExportHelperExtension.cs: 1145 - Found 0 features of type [CoordSys] in link 10080^Assem1.STEP-2
2025-04-08 02:10:06,026 INFO  ExportHelperExtension.cs: 1125 - Retrieving features of type [CoordSys] from link 10080^Assem1.STEP-1
2025-04-08 02:10:06,027 INFO  ExportHelperExtension.cs: 1136 - Found 24 in link 10080^Assem1.STEP-1
2025-04-08 02:10:06,027 INFO  ExportHelperExtension.cs: 1145 - Found 0 features of type [CoordSys] in link 10080^Assem1.STEP-1
2025-04-08 02:10:06,027 INFO  ExportHelperExtension.cs: 1125 - Retrieving features of type [CoordSys] from link 3^Assem1.STEP-4
2025-04-08 02:10:06,027 INFO  ExportHelperExtension.cs: 1136 - Found 24 in link 3^Assem1.STEP-4
2025-04-08 02:10:06,027 INFO  ExportHelperExtension.cs: 1145 - Found 0 features of type [CoordSys] in link 3^Assem1.STEP-4
2025-04-08 02:10:06,028 INFO  ExportHelperExtension.cs: 1125 - Retrieving features of type [CoordSys] from SUPPORT ROD^Assem1.STEP-10
2025-04-08 02:10:06,028 INFO  ExportHelperExtension.cs: 1136 - Found 24 in SUPPORT ROD^Assem1.STEP-10
2025-04-08 02:10:06,028 INFO  ExportHelperExtension.cs: 1145 - Found 0 features of type [CoordSys] in SUPPORT ROD^Assem1.STEP-10
2025-04-08 02:10:06,028 INFO  ExportHelperExtension.cs: 1125 - Retrieving features of type [CoordSys] from SUPPORT ROD^Assem1.STEP-8
2025-04-08 02:10:06,029 INFO  ExportHelperExtension.cs: 1136 - Found 24 in SUPPORT ROD^Assem1.STEP-8
2025-04-08 02:10:06,029 INFO  ExportHelperExtension.cs: 1145 - Found 0 features of type [CoordSys] in SUPPORT ROD^Assem1.STEP-8
2025-04-08 02:10:06,029 INFO  ExportHelperExtension.cs: 1125 - Retrieving features of type [CoordSys] from SUPPORT ROD^Assem1.STEP-11
2025-04-08 02:10:06,029 INFO  ExportHelperExtension.cs: 1136 - Found 24 in SUPPORT ROD^Assem1.STEP-11
2025-04-08 02:10:06,030 INFO  ExportHelperExtension.cs: 1145 - Found 0 features of type [CoordSys] in SUPPORT ROD^Assem1.STEP-11
2025-04-08 02:10:06,030 INFO  ExportHelperExtension.cs: 1125 - Retrieving features of type [CoordSys] from link 3^Assem1.STEP-1
2025-04-08 02:10:06,030 INFO  ExportHelperExtension.cs: 1136 - Found 24 in link 3^Assem1.STEP-1
2025-04-08 02:10:06,030 INFO  ExportHelperExtension.cs: 1145 - Found 0 features of type [CoordSys] in link 3^Assem1.STEP-1
2025-04-08 02:10:06,030 INFO  ExportHelperExtension.cs: 1125 - Retrieving features of type [CoordSys] from link 10080^Assem1.STEP-4
2025-04-08 02:10:06,031 INFO  ExportHelperExtension.cs: 1136 - Found 24 in link 10080^Assem1.STEP-4
2025-04-08 02:10:06,031 INFO  ExportHelperExtension.cs: 1145 - Found 0 features of type [CoordSys] in link 10080^Assem1.STEP-4
2025-04-08 02:10:06,031 INFO  ExportHelperExtension.cs: 1125 - Retrieving features of type [CoordSys] from link 3^Assem1.STEP-5
2025-04-08 02:10:06,031 INFO  ExportHelperExtension.cs: 1136 - Found 24 in link 3^Assem1.STEP-5
2025-04-08 02:10:06,032 INFO  ExportHelperExtension.cs: 1145 - Found 0 features of type [CoordSys] in link 3^Assem1.STEP-5
2025-04-08 02:10:06,032 INFO  ExportHelperExtension.cs: 1125 - Retrieving features of type [CoordSys] from link 10080^Assem1.STEP-3
2025-04-08 02:10:06,032 INFO  ExportHelperExtension.cs: 1136 - Found 24 in link 10080^Assem1.STEP-3
2025-04-08 02:10:06,032 INFO  ExportHelperExtension.cs: 1145 - Found 0 features of type [CoordSys] in link 10080^Assem1.STEP-3
2025-04-08 02:10:06,033 INFO  ExportHelperExtension.cs: 1125 - Retrieving features of type [CoordSys] from link 3^Assem1.STEP-6
2025-04-08 02:10:06,033 INFO  ExportHelperExtension.cs: 1136 - Found 24 in link 3^Assem1.STEP-6
2025-04-08 02:10:06,033 INFO  ExportHelperExtension.cs: 1145 - Found 0 features of type [CoordSys] in link 3^Assem1.STEP-6
2025-04-08 02:10:06,033 INFO  ExportHelperExtension.cs: 1125 - Retrieving features of type [CoordSys] from small link^Assem1.STEP-3
2025-04-08 02:10:06,033 INFO  ExportHelperExtension.cs: 1136 - Found 24 in small link^Assem1.STEP-3
2025-04-08 02:10:06,034 INFO  ExportHelperExtension.cs: 1145 - Found 0 features of type [CoordSys] in small link^Assem1.STEP-3
2025-04-08 02:10:06,034 INFO  ExportHelperExtension.cs: 1125 - Retrieving features of type [CoordSys] from small link^Assem1.STEP-1
2025-04-08 02:10:06,034 INFO  ExportHelperExtension.cs: 1136 - Found 24 in small link^Assem1.STEP-1
2025-04-08 02:10:06,034 INFO  ExportHelperExtension.cs: 1145 - Found 0 features of type [CoordSys] in small link^Assem1.STEP-1
2025-04-08 02:10:06,035 INFO  ExportHelperExtension.cs: 1125 - Retrieving features of type [CoordSys] from nozzle^Assem1.STEP-1
2025-04-08 02:10:06,035 INFO  ExportHelperExtension.cs: 1136 - Found 24 in nozzle^Assem1.STEP-1
2025-04-08 02:10:06,035 INFO  ExportHelperExtension.cs: 1145 - Found 0 features of type [CoordSys] in nozzle^Assem1.STEP-1
2025-04-08 02:10:06,035 INFO  ExportHelperExtension.cs: 1125 - Retrieving features of type [CoordSys] from small link^Assem1.STEP-2
2025-04-08 02:10:06,036 INFO  ExportHelperExtension.cs: 1136 - Found 24 in small link^Assem1.STEP-2
2025-04-08 02:10:06,036 INFO  ExportHelperExtension.cs: 1145 - Found 0 features of type [CoordSys] in small link^Assem1.STEP-2
2025-04-08 02:10:06,036 INFO  ExportHelperExtension.cs: 1125 - Retrieving features of type [CoordSys] from small link^Assem1.STEP-4
2025-04-08 02:10:06,036 INFO  ExportHelperExtension.cs: 1136 - Found 24 in small link^Assem1.STEP-4
2025-04-08 02:10:06,037 INFO  ExportHelperExtension.cs: 1145 - Found 0 features of type [CoordSys] in small link^Assem1.STEP-4
2025-04-08 02:10:06,037 INFO  ExportHelperExtension.cs: 1125 - Retrieving features of type [RefAxis] from Assem1.STEP
2025-04-08 02:10:06,037 INFO  ExportHelperExtension.cs: 1136 - Found 135 in Assem1.STEP
2025-04-08 02:10:06,037 INFO  ExportHelperExtension.cs: 1145 - Found 4 features of type [RefAxis] in Assem1.STEP
2025-04-08 02:10:06,038 INFO  ExportHelperExtension.cs: 1148 - Proceeding through assembly components
2025-04-08 02:10:06,038 INFO  ExportHelperExtension.cs: 1160 - 106 components to check
2025-04-08 02:10:06,038 INFO  ExportHelperExtension.cs: 1125 - Retrieving features of type [RefAxis] from moving platten.STEP-1
2025-04-08 02:10:06,038 INFO  ExportHelperExtension.cs: 1136 - Found 24 in moving platten.STEP-1
2025-04-08 02:10:06,039 INFO  ExportHelperExtension.cs: 1145 - Found 0 features of type [RefAxis] in moving platten.STEP-1
2025-04-08 02:10:06,039 INFO  ExportHelperExtension.cs: 1125 - Retrieving features of type [RefAxis] from fixed back^Assem1.STEP-1
2025-04-08 02:10:06,039 INFO  ExportHelperExtension.cs: 1136 - Found 28 in fixed back^Assem1.STEP-1
2025-04-08 02:10:06,039 INFO  ExportHelperExtension.cs: 1145 - Found 0 features of type [RefAxis] in fixed back^Assem1.STEP-1
2025-04-08 02:10:06,040 INFO  ExportHelperExtension.cs: 1125 - Retrieving features of type [RefAxis] from frame^Assem1.STEP-1
2025-04-08 02:10:06,040 INFO  ExportHelperExtension.cs: 1136 - Found 126 in frame^Assem1.STEP-1
2025-04-08 02:10:06,040 INFO  ExportHelperExtension.cs: 1145 - Found 0 features of type [RefAxis] in frame^Assem1.STEP-1
2025-04-08 02:10:06,041 INFO  ExportHelperExtension.cs: 1125 - Retrieving features of type [RefAxis] from DOOR^Assem1.STEP-1
2025-04-08 02:10:06,041 INFO  ExportHelperExtension.cs: 1136 - Found 25 in DOOR^Assem1.STEP-1
2025-04-08 02:10:06,048 INFO  ExportHelperExtension.cs: 1145 - Found 0 features of type [RefAxis] in DOOR^Assem1.STEP-1
2025-04-08 02:10:06,049 INFO  ExportHelperExtension.cs: 1125 - Retrieving features of type [RefAxis] from fixed platten^Assem1.STEP-1
2025-04-08 02:10:06,062 INFO  ExportHelperExtension.cs: 1136 - Found 28 in fixed platten^Assem1.STEP-1
2025-04-08 02:10:06,062 INFO  ExportHelperExtension.cs: 1145 - Found 0 features of type [RefAxis] in fixed platten^Assem1.STEP-1
2025-04-08 02:10:06,063 INFO  ExportHelperExtension.cs: 1125 - Retrieving features of type [RefAxis] from SPRUE BUSH^Assem1.STEP-1
2025-04-08 02:10:06,063 INFO  ExportHelperExtension.cs: 1136 - Found 24 in SPRUE BUSH^Assem1.STEP-1
2025-04-08 02:10:06,063 INFO  ExportHelperExtension.cs: 1145 - Found 0 features of type [RefAxis] in SPRUE BUSH^Assem1.STEP-1
2025-04-08 02:10:06,063 INFO  ExportHelperExtension.cs: 1125 - Retrieving features of type [RefAxis] from DOOR^Assem1.STEP-2
2025-04-08 02:10:06,064 INFO  ExportHelperExtension.cs: 1136 - Found 25 in DOOR^Assem1.STEP-2
2025-04-08 02:10:06,064 INFO  ExportHelperExtension.cs: 1145 - Found 0 features of type [RefAxis] in DOOR^Assem1.STEP-2
2025-04-08 02:10:06,064 INFO  ExportHelperExtension.cs: 1125 - Retrieving features of type [RefAxis] from CAM^Assem1.STEP-1
2025-04-08 02:10:06,064 INFO  ExportHelperExtension.cs: 1136 - Found 24 in CAM^Assem1.STEP-1
2025-04-08 02:10:06,065 INFO  ExportHelperExtension.cs: 1145 - Found 0 features of type [RefAxis] in CAM^Assem1.STEP-1
2025-04-08 02:10:06,065 INFO  ExportHelperExtension.cs: 1125 - Retrieving features of type [RefAxis] from GUIDE PILLER^Assem1.STEP-2
2025-04-08 02:10:06,065 INFO  ExportHelperExtension.cs: 1136 - Found 24 in GUIDE PILLER^Assem1.STEP-2
2025-04-08 02:10:06,065 INFO  ExportHelperExtension.cs: 1145 - Found 0 features of type [RefAxis] in GUIDE PILLER^Assem1.STEP-2
2025-04-08 02:10:06,066 INFO  ExportHelperExtension.cs: 1125 - Retrieving features of type [RefAxis] from CAM HOLDER^Assem1.STEP-2
2025-04-08 02:10:06,066 INFO  ExportHelperExtension.cs: 1136 - Found 24 in CAM HOLDER^Assem1.STEP-2
2025-04-08 02:10:06,066 INFO  ExportHelperExtension.cs: 1145 - Found 0 features of type [RefAxis] in CAM HOLDER^Assem1.STEP-2
2025-04-08 02:10:06,066 INFO  ExportHelperExtension.cs: 1125 - Retrieving features of type [RefAxis] from TOP PLATE^Assem1.STEP-1
2025-04-08 02:10:06,067 INFO  ExportHelperExtension.cs: 1136 - Found 24 in TOP PLATE^Assem1.STEP-1
2025-04-08 02:10:06,067 INFO  ExportHelperExtension.cs: 1145 - Found 0 features of type [RefAxis] in TOP PLATE^Assem1.STEP-1
2025-04-08 02:10:06,067 INFO  ExportHelperExtension.cs: 1125 - Retrieving features of type [RefAxis] from GUIDE PILLER^Assem1.STEP-1
2025-04-08 02:10:06,067 INFO  ExportHelperExtension.cs: 1136 - Found 24 in GUIDE PILLER^Assem1.STEP-1
2025-04-08 02:10:06,068 INFO  ExportHelperExtension.cs: 1145 - Found 0 features of type [RefAxis] in GUIDE PILLER^Assem1.STEP-1
2025-04-08 02:10:06,068 INFO  ExportHelperExtension.cs: 1125 - Retrieving features of type [RefAxis] from CAM HOLDER^Assem1.STEP-8
2025-04-08 02:10:06,068 INFO  ExportHelperExtension.cs: 1136 - Found 24 in CAM HOLDER^Assem1.STEP-8
2025-04-08 02:10:06,068 INFO  ExportHelperExtension.cs: 1145 - Found 0 features of type [RefAxis] in CAM HOLDER^Assem1.STEP-8
2025-04-08 02:10:06,069 INFO  ExportHelperExtension.cs: 1125 - Retrieving features of type [RefAxis] from CAM HOLDER^Assem1.STEP-4
2025-04-08 02:10:06,069 INFO  ExportHelperExtension.cs: 1136 - Found 24 in CAM HOLDER^Assem1.STEP-4
2025-04-08 02:10:06,069 INFO  ExportHelperExtension.cs: 1145 - Found 0 features of type [RefAxis] in CAM HOLDER^Assem1.STEP-4
2025-04-08 02:10:06,069 INFO  ExportHelperExtension.cs: 1125 - Retrieving features of type [RefAxis] from CAM HOLDER^Assem1.STEP-1
2025-04-08 02:10:06,069 INFO  ExportHelperExtension.cs: 1136 - Found 24 in CAM HOLDER^Assem1.STEP-1
2025-04-08 02:10:06,070 INFO  ExportHelperExtension.cs: 1145 - Found 0 features of type [RefAxis] in CAM HOLDER^Assem1.STEP-1
2025-04-08 02:10:06,070 INFO  ExportHelperExtension.cs: 1125 - Retrieving features of type [RefAxis] from GUIDE PILLER^Assem1.STEP-3
2025-04-08 02:10:06,070 INFO  ExportHelperExtension.cs: 1136 - Found 24 in GUIDE PILLER^Assem1.STEP-3
2025-04-08 02:10:06,070 INFO  ExportHelperExtension.cs: 1145 - Found 0 features of type [RefAxis] in GUIDE PILLER^Assem1.STEP-3
2025-04-08 02:10:06,071 INFO  ExportHelperExtension.cs: 1125 - Retrieving features of type [RefAxis] from LOCATING RING^Assem1.STEP-1
2025-04-08 02:10:06,071 INFO  ExportHelperExtension.cs: 1136 - Found 24 in LOCATING RING^Assem1.STEP-1
2025-04-08 02:10:06,071 INFO  ExportHelperExtension.cs: 1145 - Found 0 features of type [RefAxis] in LOCATING RING^Assem1.STEP-1
2025-04-08 02:10:06,071 INFO  ExportHelperExtension.cs: 1125 - Retrieving features of type [RefAxis] from GUIDE PILLER^Assem1.STEP-4
2025-04-08 02:10:06,072 INFO  ExportHelperExtension.cs: 1136 - Found 24 in GUIDE PILLER^Assem1.STEP-4
2025-04-08 02:10:06,072 INFO  ExportHelperExtension.cs: 1145 - Found 0 features of type [RefAxis] in GUIDE PILLER^Assem1.STEP-4
2025-04-08 02:10:06,072 INFO  ExportHelperExtension.cs: 1125 - Retrieving features of type [RefAxis] from CAM HOLDER^Assem1.STEP-5
2025-04-08 02:10:06,072 INFO  ExportHelperExtension.cs: 1136 - Found 24 in CAM HOLDER^Assem1.STEP-5
2025-04-08 02:10:06,073 INFO  ExportHelperExtension.cs: 1145 - Found 0 features of type [RefAxis] in CAM HOLDER^Assem1.STEP-5
2025-04-08 02:10:06,073 INFO  ExportHelperExtension.cs: 1125 - Retrieving features of type [RefAxis] from CAVITY PLATE^Assem1.STEP-1
2025-04-08 02:10:06,073 INFO  ExportHelperExtension.cs: 1136 - Found 24 in CAVITY PLATE^Assem1.STEP-1
2025-04-08 02:10:06,073 INFO  ExportHelperExtension.cs: 1145 - Found 0 features of type [RefAxis] in CAVITY PLATE^Assem1.STEP-1
2025-04-08 02:10:06,074 INFO  ExportHelperExtension.cs: 1125 - Retrieving features of type [RefAxis] from CAM HOLDER^Assem1.STEP-7
2025-04-08 02:10:06,074 INFO  ExportHelperExtension.cs: 1136 - Found 24 in CAM HOLDER^Assem1.STEP-7
2025-04-08 02:10:06,074 INFO  ExportHelperExtension.cs: 1145 - Found 0 features of type [RefAxis] in CAM HOLDER^Assem1.STEP-7
2025-04-08 02:10:06,074 INFO  ExportHelperExtension.cs: 1125 - Retrieving features of type [RefAxis] from CAM HOLDER^Assem1.STEP-3
2025-04-08 02:10:06,074 INFO  ExportHelperExtension.cs: 1136 - Found 24 in CAM HOLDER^Assem1.STEP-3
2025-04-08 02:10:06,075 INFO  ExportHelperExtension.cs: 1145 - Found 0 features of type [RefAxis] in CAM HOLDER^Assem1.STEP-3
2025-04-08 02:10:06,075 INFO  ExportHelperExtension.cs: 1125 - Retrieving features of type [RefAxis] from CAM^Assem1.STEP-6
2025-04-08 02:10:06,075 INFO  ExportHelperExtension.cs: 1136 - Found 24 in CAM^Assem1.STEP-6
2025-04-08 02:10:06,075 INFO  ExportHelperExtension.cs: 1145 - Found 0 features of type [RefAxis] in CAM^Assem1.STEP-6
2025-04-08 02:10:06,076 INFO  ExportHelperExtension.cs: 1125 - Retrieving features of type [RefAxis] from CAM HOLDER^Assem1.STEP-6
2025-04-08 02:10:06,076 INFO  ExportHelperExtension.cs: 1136 - Found 24 in CAM HOLDER^Assem1.STEP-6
2025-04-08 02:10:06,076 INFO  ExportHelperExtension.cs: 1145 - Found 0 features of type [RefAxis] in CAM HOLDER^Assem1.STEP-6
2025-04-08 02:10:06,076 INFO  ExportHelperExtension.cs: 1125 - Retrieving features of type [RefAxis] from CAM^Assem1.STEP-7
2025-04-08 02:10:06,077 INFO  ExportHelperExtension.cs: 1136 - Found 24 in CAM^Assem1.STEP-7
2025-04-08 02:10:06,077 INFO  ExportHelperExtension.cs: 1145 - Found 0 features of type [RefAxis] in CAM^Assem1.STEP-7
2025-04-08 02:10:06,077 INFO  ExportHelperExtension.cs: 1125 - Retrieving features of type [RefAxis] from CAM^Assem1.STEP-4
2025-04-08 02:10:06,077 INFO  ExportHelperExtension.cs: 1136 - Found 24 in CAM^Assem1.STEP-4
2025-04-08 02:10:06,077 INFO  ExportHelperExtension.cs: 1145 - Found 0 features of type [RefAxis] in CAM^Assem1.STEP-4
2025-04-08 02:10:06,078 INFO  ExportHelperExtension.cs: 1125 - Retrieving features of type [RefAxis] from CAM^Assem1.STEP-2
2025-04-08 02:10:06,078 INFO  ExportHelperExtension.cs: 1136 - Found 24 in CAM^Assem1.STEP-2
2025-04-08 02:10:06,078 INFO  ExportHelperExtension.cs: 1145 - Found 0 features of type [RefAxis] in CAM^Assem1.STEP-2
2025-04-08 02:10:06,078 INFO  ExportHelperExtension.cs: 1125 - Retrieving features of type [RefAxis] from CAM^Assem1.STEP-5
2025-04-08 02:10:06,079 INFO  ExportHelperExtension.cs: 1136 - Found 24 in CAM^Assem1.STEP-5
2025-04-08 02:10:06,079 INFO  ExportHelperExtension.cs: 1145 - Found 0 features of type [RefAxis] in CAM^Assem1.STEP-5
2025-04-08 02:10:06,079 INFO  ExportHelperExtension.cs: 1125 - Retrieving features of type [RefAxis] from WEDGE BLOCK^Assem1.STEP-3
2025-04-08 02:10:06,079 INFO  ExportHelperExtension.cs: 1136 - Found 24 in WEDGE BLOCK^Assem1.STEP-3
2025-04-08 02:10:06,080 INFO  ExportHelperExtension.cs: 1145 - Found 0 features of type [RefAxis] in WEDGE BLOCK^Assem1.STEP-3
2025-04-08 02:10:06,080 INFO  ExportHelperExtension.cs: 1125 - Retrieving features of type [RefAxis] from WEDGE BLOCK PLATE^Assem1.STEP-2
2025-04-08 02:10:06,080 INFO  ExportHelperExtension.cs: 1136 - Found 24 in WEDGE BLOCK PLATE^Assem1.STEP-2
2025-04-08 02:10:06,080 INFO  ExportHelperExtension.cs: 1145 - Found 0 features of type [RefAxis] in WEDGE BLOCK PLATE^Assem1.STEP-2
2025-04-08 02:10:06,081 INFO  ExportHelperExtension.cs: 1125 - Retrieving features of type [RefAxis] from WEDGE BLOCK PLATE^Assem1.STEP-4
2025-04-08 02:10:06,081 INFO  ExportHelperExtension.cs: 1136 - Found 24 in WEDGE BLOCK PLATE^Assem1.STEP-4
2025-04-08 02:10:06,081 INFO  ExportHelperExtension.cs: 1145 - Found 0 features of type [RefAxis] in WEDGE BLOCK PLATE^Assem1.STEP-4
2025-04-08 02:10:06,081 INFO  ExportHelperExtension.cs: 1125 - Retrieving features of type [RefAxis] from GUIDE BUSH^Assem1.STEP-2
2025-04-08 02:10:06,082 INFO  ExportHelperExtension.cs: 1136 - Found 24 in GUIDE BUSH^Assem1.STEP-2
2025-04-08 02:10:06,082 INFO  ExportHelperExtension.cs: 1145 - Found 0 features of type [RefAxis] in GUIDE BUSH^Assem1.STEP-2
2025-04-08 02:10:06,082 INFO  ExportHelperExtension.cs: 1125 - Retrieving features of type [RefAxis] from GUIDE BUSH^Assem1.STEP-4
2025-04-08 02:10:06,082 INFO  ExportHelperExtension.cs: 1136 - Found 24 in GUIDE BUSH^Assem1.STEP-4
2025-04-08 02:10:06,083 INFO  ExportHelperExtension.cs: 1145 - Found 0 features of type [RefAxis] in GUIDE BUSH^Assem1.STEP-4
2025-04-08 02:10:06,083 INFO  ExportHelperExtension.cs: 1125 - Retrieving features of type [RefAxis] from CAM^Assem1.STEP-3
2025-04-08 02:10:06,083 INFO  ExportHelperExtension.cs: 1136 - Found 24 in CAM^Assem1.STEP-3
2025-04-08 02:10:06,083 INFO  ExportHelperExtension.cs: 1145 - Found 0 features of type [RefAxis] in CAM^Assem1.STEP-3
2025-04-08 02:10:06,084 INFO  ExportHelperExtension.cs: 1125 - Retrieving features of type [RefAxis] from CAM^Assem1.STEP-8
2025-04-08 02:10:06,084 INFO  ExportHelperExtension.cs: 1136 - Found 24 in CAM^Assem1.STEP-8
2025-04-08 02:10:06,084 INFO  ExportHelperExtension.cs: 1145 - Found 0 features of type [RefAxis] in CAM^Assem1.STEP-8
2025-04-08 02:10:06,084 INFO  ExportHelperExtension.cs: 1125 - Retrieving features of type [RefAxis] from WEDGE BLOCK^Assem1.STEP-1
2025-04-08 02:10:06,085 INFO  ExportHelperExtension.cs: 1136 - Found 24 in WEDGE BLOCK^Assem1.STEP-1
2025-04-08 02:10:06,085 INFO  ExportHelperExtension.cs: 1145 - Found 0 features of type [RefAxis] in WEDGE BLOCK^Assem1.STEP-1
2025-04-08 02:10:06,085 INFO  ExportHelperExtension.cs: 1125 - Retrieving features of type [RefAxis] from WEDGE BLOCK PLATE^Assem1.STEP-1
2025-04-08 02:10:06,085 INFO  ExportHelperExtension.cs: 1136 - Found 24 in WEDGE BLOCK PLATE^Assem1.STEP-1
2025-04-08 02:10:06,086 INFO  ExportHelperExtension.cs: 1145 - Found 0 features of type [RefAxis] in WEDGE BLOCK PLATE^Assem1.STEP-1
2025-04-08 02:10:06,086 INFO  ExportHelperExtension.cs: 1125 - Retrieving features of type [RefAxis] from WEDGE BLOCK^Assem1.STEP-2
2025-04-08 02:10:06,086 INFO  ExportHelperExtension.cs: 1136 - Found 24 in WEDGE BLOCK^Assem1.STEP-2
2025-04-08 02:10:06,086 INFO  ExportHelperExtension.cs: 1145 - Found 0 features of type [RefAxis] in WEDGE BLOCK^Assem1.STEP-2
2025-04-08 02:10:06,086 INFO  ExportHelperExtension.cs: 1125 - Retrieving features of type [RefAxis] from WEDGE BLOCK^Assem1.STEP-4
2025-04-08 02:10:06,087 INFO  ExportHelperExtension.cs: 1136 - Found 24 in WEDGE BLOCK^Assem1.STEP-4
2025-04-08 02:10:06,087 INFO  ExportHelperExtension.cs: 1145 - Found 0 features of type [RefAxis] in WEDGE BLOCK^Assem1.STEP-4
2025-04-08 02:10:06,087 INFO  ExportHelperExtension.cs: 1125 - Retrieving features of type [RefAxis] from GUIDE BUSH^Assem1.STEP-1
2025-04-08 02:10:06,087 INFO  ExportHelperExtension.cs: 1136 - Found 24 in GUIDE BUSH^Assem1.STEP-1
2025-04-08 02:10:06,088 INFO  ExportHelperExtension.cs: 1145 - Found 0 features of type [RefAxis] in GUIDE BUSH^Assem1.STEP-1
2025-04-08 02:10:06,088 INFO  ExportHelperExtension.cs: 1125 - Retrieving features of type [RefAxis] from WEDGE BLOCK PLATE^Assem1.STEP-3
2025-04-08 02:10:06,088 INFO  ExportHelperExtension.cs: 1136 - Found 24 in WEDGE BLOCK PLATE^Assem1.STEP-3
2025-04-08 02:10:06,088 INFO  ExportHelperExtension.cs: 1145 - Found 0 features of type [RefAxis] in WEDGE BLOCK PLATE^Assem1.STEP-3
2025-04-08 02:10:06,089 INFO  ExportHelperExtension.cs: 1125 - Retrieving features of type [RefAxis] from GUIDE RAIL^Assem1.STEP-1
2025-04-08 02:10:06,089 INFO  ExportHelperExtension.cs: 1136 - Found 24 in GUIDE RAIL^Assem1.STEP-1
2025-04-08 02:10:06,089 INFO  ExportHelperExtension.cs: 1145 - Found 0 features of type [RefAxis] in GUIDE RAIL^Assem1.STEP-1
2025-04-08 02:10:06,089 INFO  ExportHelperExtension.cs: 1125 - Retrieving features of type [RefAxis] from CORE PLATE^Assem1.STEP-1
2025-04-08 02:10:06,108 INFO  ExportHelperExtension.cs: 1136 - Found 24 in CORE PLATE^Assem1.STEP-1
2025-04-08 02:10:06,109 INFO  ExportHelperExtension.cs: 1145 - Found 0 features of type [RefAxis] in CORE PLATE^Assem1.STEP-1
2025-04-08 02:10:06,109 INFO  ExportHelperExtension.cs: 1125 - Retrieving features of type [RefAxis] from GUIDE BUSH^Assem1.STEP-3
2025-04-08 02:10:06,109 INFO  ExportHelperExtension.cs: 1136 - Found 24 in GUIDE BUSH^Assem1.STEP-3
2025-04-08 02:10:06,110 INFO  ExportHelperExtension.cs: 1145 - Found 0 features of type [RefAxis] in GUIDE BUSH^Assem1.STEP-3
2025-04-08 02:10:06,110 INFO  ExportHelperExtension.cs: 1125 - Retrieving features of type [RefAxis] from GUIDE RAIL^Assem1.STEP-3
2025-04-08 02:10:06,110 INFO  ExportHelperExtension.cs: 1136 - Found 24 in GUIDE RAIL^Assem1.STEP-3
2025-04-08 02:10:06,111 INFO  ExportHelperExtension.cs: 1145 - Found 0 features of type [RefAxis] in GUIDE RAIL^Assem1.STEP-3
2025-04-08 02:10:06,111 INFO  ExportHelperExtension.cs: 1125 - Retrieving features of type [RefAxis] from GUIDE RAIL^Assem1.STEP-4
2025-04-08 02:10:06,111 INFO  ExportHelperExtension.cs: 1136 - Found 24 in GUIDE RAIL^Assem1.STEP-4
2025-04-08 02:10:06,112 INFO  ExportHelperExtension.cs: 1145 - Found 0 features of type [RefAxis] in GUIDE RAIL^Assem1.STEP-4
2025-04-08 02:10:06,112 INFO  ExportHelperExtension.cs: 1125 - Retrieving features of type [RefAxis] from GUIDE RAIL^Assem1.STEP-6
2025-04-08 02:10:06,112 INFO  ExportHelperExtension.cs: 1136 - Found 24 in GUIDE RAIL^Assem1.STEP-6
2025-04-08 02:10:06,113 INFO  ExportHelperExtension.cs: 1145 - Found 0 features of type [RefAxis] in GUIDE RAIL^Assem1.STEP-6
2025-04-08 02:10:06,113 INFO  ExportHelperExtension.cs: 1125 - Retrieving features of type [RefAxis] from GUIDE RAIL^Assem1.STEP-2
2025-04-08 02:10:06,113 INFO  ExportHelperExtension.cs: 1136 - Found 24 in GUIDE RAIL^Assem1.STEP-2
2025-04-08 02:10:06,114 INFO  ExportHelperExtension.cs: 1145 - Found 0 features of type [RefAxis] in GUIDE RAIL^Assem1.STEP-2
2025-04-08 02:10:06,114 INFO  ExportHelperExtension.cs: 1125 - Retrieving features of type [RefAxis] from GUIDE RAIL^Assem1.STEP-7
2025-04-08 02:10:06,114 INFO  ExportHelperExtension.cs: 1136 - Found 24 in GUIDE RAIL^Assem1.STEP-7
2025-04-08 02:10:06,114 INFO  ExportHelperExtension.cs: 1145 - Found 0 features of type [RefAxis] in GUIDE RAIL^Assem1.STEP-7
2025-04-08 02:10:06,114 INFO  ExportHelperExtension.cs: 1125 - Retrieving features of type [RefAxis] from GUIDE RAIL^Assem1.STEP-8
2025-04-08 02:10:06,115 INFO  ExportHelperExtension.cs: 1136 - Found 24 in GUIDE RAIL^Assem1.STEP-8
2025-04-08 02:10:06,115 INFO  ExportHelperExtension.cs: 1145 - Found 0 features of type [RefAxis] in GUIDE RAIL^Assem1.STEP-8
2025-04-08 02:10:06,115 INFO  ExportHelperExtension.cs: 1125 - Retrieving features of type [RefAxis] from CAVITY BLOCK 1^Assem1.STEP-1
2025-04-08 02:10:06,115 INFO  ExportHelperExtension.cs: 1136 - Found 24 in CAVITY BLOCK 1^Assem1.STEP-1
2025-04-08 02:10:06,116 INFO  ExportHelperExtension.cs: 1145 - Found 0 features of type [RefAxis] in CAVITY BLOCK 1^Assem1.STEP-1
2025-04-08 02:10:06,116 INFO  ExportHelperExtension.cs: 1125 - Retrieving features of type [RefAxis] from CAVITY BLOCK 2^Assem1.STEP-1
2025-04-08 02:10:06,116 INFO  ExportHelperExtension.cs: 1136 - Found 24 in CAVITY BLOCK 2^Assem1.STEP-1
2025-04-08 02:10:06,116 INFO  ExportHelperExtension.cs: 1145 - Found 0 features of type [RefAxis] in CAVITY BLOCK 2^Assem1.STEP-1
2025-04-08 02:10:06,117 INFO  ExportHelperExtension.cs: 1125 - Retrieving features of type [RefAxis] from GUIDE RAIL^Assem1.STEP-5
2025-04-08 02:10:06,117 INFO  ExportHelperExtension.cs: 1136 - Found 24 in GUIDE RAIL^Assem1.STEP-5
2025-04-08 02:10:06,117 INFO  ExportHelperExtension.cs: 1145 - Found 0 features of type [RefAxis] in GUIDE RAIL^Assem1.STEP-5
2025-04-08 02:10:06,117 INFO  ExportHelperExtension.cs: 1125 - Retrieving features of type [RefAxis] from BOTTOM PLATE^Assem1.STEP-1
2025-04-08 02:10:06,118 INFO  ExportHelperExtension.cs: 1136 - Found 24 in BOTTOM PLATE^Assem1.STEP-1
2025-04-08 02:10:06,118 INFO  ExportHelperExtension.cs: 1145 - Found 0 features of type [RefAxis] in BOTTOM PLATE^Assem1.STEP-1
2025-04-08 02:10:06,118 INFO  ExportHelperExtension.cs: 1125 - Retrieving features of type [RefAxis] from RISER BLOCK^Assem1.STEP-2
2025-04-08 02:10:06,118 INFO  ExportHelperExtension.cs: 1136 - Found 24 in RISER BLOCK^Assem1.STEP-2
2025-04-08 02:10:06,119 INFO  ExportHelperExtension.cs: 1145 - Found 0 features of type [RefAxis] in RISER BLOCK^Assem1.STEP-2
2025-04-08 02:10:06,119 INFO  ExportHelperExtension.cs: 1125 - Retrieving features of type [RefAxis] from EJ. PIN^Assem1.STEP-1
2025-04-08 02:10:06,119 INFO  ExportHelperExtension.cs: 1136 - Found 24 in EJ. PIN^Assem1.STEP-1
2025-04-08 02:10:06,119 INFO  ExportHelperExtension.cs: 1145 - Found 0 features of type [RefAxis] in EJ. PIN^Assem1.STEP-1
2025-04-08 02:10:06,120 INFO  ExportHelperExtension.cs: 1125 - Retrieving features of type [RefAxis] from EJ PLATE^Assem1.STEP-1
2025-04-08 02:10:06,120 INFO  ExportHelperExtension.cs: 1136 - Found 24 in EJ PLATE^Assem1.STEP-1
2025-04-08 02:10:06,120 INFO  ExportHelperExtension.cs: 1145 - Found 0 features of type [RefAxis] in EJ PLATE^Assem1.STEP-1
2025-04-08 02:10:06,120 INFO  ExportHelperExtension.cs: 1125 - Retrieving features of type [RefAxis] from SUPPORT PLATE^Assem1.STEP-1
2025-04-08 02:10:06,121 INFO  ExportHelperExtension.cs: 1136 - Found 24 in SUPPORT PLATE^Assem1.STEP-1
2025-04-08 02:10:06,121 INFO  ExportHelperExtension.cs: 1145 - Found 0 features of type [RefAxis] in SUPPORT PLATE^Assem1.STEP-1
2025-04-08 02:10:06,121 INFO  ExportHelperExtension.cs: 1125 - Retrieving features of type [RefAxis] from RISER BLOCK^Assem1.STEP-1
2025-04-08 02:10:06,121 INFO  ExportHelperExtension.cs: 1136 - Found 24 in RISER BLOCK^Assem1.STEP-1
2025-04-08 02:10:06,122 INFO  ExportHelperExtension.cs: 1145 - Found 0 features of type [RefAxis] in RISER BLOCK^Assem1.STEP-1
2025-04-08 02:10:06,122 INFO  ExportHelperExtension.cs: 1125 - Retrieving features of type [RefAxis] from CORE^Assem1.STEP-1
2025-04-08 02:10:06,122 INFO  ExportHelperExtension.cs: 1136 - Found 24 in CORE^Assem1.STEP-1
2025-04-08 02:10:06,122 INFO  ExportHelperExtension.cs: 1145 - Found 0 features of type [RefAxis] in CORE^Assem1.STEP-1
2025-04-08 02:10:06,123 INFO  ExportHelperExtension.cs: 1125 - Retrieving features of type [RefAxis] from CAVITY BLOCK 2^Assem1.STEP-2
2025-04-08 02:10:06,123 INFO  ExportHelperExtension.cs: 1136 - Found 24 in CAVITY BLOCK 2^Assem1.STEP-2
2025-04-08 02:10:06,123 INFO  ExportHelperExtension.cs: 1145 - Found 0 features of type [RefAxis] in CAVITY BLOCK 2^Assem1.STEP-2
2025-04-08 02:10:06,123 INFO  ExportHelperExtension.cs: 1125 - Retrieving features of type [RefAxis] from CORE^Assem1.STEP-2
2025-04-08 02:10:06,124 INFO  ExportHelperExtension.cs: 1136 - Found 24 in CORE^Assem1.STEP-2
2025-04-08 02:10:06,124 INFO  ExportHelperExtension.cs: 1145 - Found 0 features of type [RefAxis] in CORE^Assem1.STEP-2
2025-04-08 02:10:06,124 INFO  ExportHelperExtension.cs: 1125 - Retrieving features of type [RefAxis] from EJ BACK PLATE^Assem1.STEP-1
2025-04-08 02:10:06,124 INFO  ExportHelperExtension.cs: 1136 - Found 24 in EJ BACK PLATE^Assem1.STEP-1
2025-04-08 02:10:06,125 INFO  ExportHelperExtension.cs: 1145 - Found 0 features of type [RefAxis] in EJ BACK PLATE^Assem1.STEP-1
2025-04-08 02:10:06,125 INFO  ExportHelperExtension.cs: 1125 - Retrieving features of type [RefAxis] from CAVITY BLOCK 1^Assem1.STEP-2
2025-04-08 02:10:06,125 INFO  ExportHelperExtension.cs: 1136 - Found 24 in CAVITY BLOCK 1^Assem1.STEP-2
2025-04-08 02:10:06,125 INFO  ExportHelperExtension.cs: 1145 - Found 0 features of type [RefAxis] in CAVITY BLOCK 1^Assem1.STEP-2
2025-04-08 02:10:06,126 INFO  ExportHelperExtension.cs: 1125 - Retrieving features of type [RefAxis] from EJ. GUIDE BUSH^Assem1.STEP-1
2025-04-08 02:10:06,126 INFO  ExportHelperExtension.cs: 1136 - Found 24 in EJ. GUIDE BUSH^Assem1.STEP-1
2025-04-08 02:10:06,126 INFO  ExportHelperExtension.cs: 1145 - Found 0 features of type [RefAxis] in EJ. GUIDE BUSH^Assem1.STEP-1
2025-04-08 02:10:06,126 INFO  ExportHelperExtension.cs: 1125 - Retrieving features of type [RefAxis] from EJ. GUIDE PILLKER^Assem1.STEP-1
2025-04-08 02:10:06,127 INFO  ExportHelperExtension.cs: 1136 - Found 24 in EJ. GUIDE PILLKER^Assem1.STEP-1
2025-04-08 02:10:06,127 INFO  ExportHelperExtension.cs: 1145 - Found 0 features of type [RefAxis] in EJ. GUIDE PILLKER^Assem1.STEP-1
2025-04-08 02:10:06,127 INFO  ExportHelperExtension.cs: 1125 - Retrieving features of type [RefAxis] from EJ. PIN^Assem1.STEP-7
2025-04-08 02:10:06,127 INFO  ExportHelperExtension.cs: 1136 - Found 24 in EJ. PIN^Assem1.STEP-7
2025-04-08 02:10:06,128 INFO  ExportHelperExtension.cs: 1145 - Found 0 features of type [RefAxis] in EJ. PIN^Assem1.STEP-7
2025-04-08 02:10:06,128 INFO  ExportHelperExtension.cs: 1125 - Retrieving features of type [RefAxis] from EJ. PIN^Assem1.STEP-6
2025-04-08 02:10:06,128 INFO  ExportHelperExtension.cs: 1136 - Found 24 in EJ. PIN^Assem1.STEP-6
2025-04-08 02:10:06,128 INFO  ExportHelperExtension.cs: 1145 - Found 0 features of type [RefAxis] in EJ. PIN^Assem1.STEP-6
2025-04-08 02:10:06,129 INFO  ExportHelperExtension.cs: 1125 - Retrieving features of type [RefAxis] from EJ. PIN^Assem1.STEP-2
2025-04-08 02:10:06,129 INFO  ExportHelperExtension.cs: 1136 - Found 24 in EJ. PIN^Assem1.STEP-2
2025-04-08 02:10:06,129 INFO  ExportHelperExtension.cs: 1145 - Found 0 features of type [RefAxis] in EJ. PIN^Assem1.STEP-2
2025-04-08 02:10:06,130 INFO  ExportHelperExtension.cs: 1125 - Retrieving features of type [RefAxis] from EJ. PIN^Assem1.STEP-5
2025-04-08 02:10:06,130 INFO  ExportHelperExtension.cs: 1136 - Found 24 in EJ. PIN^Assem1.STEP-5
2025-04-08 02:10:06,131 INFO  ExportHelperExtension.cs: 1145 - Found 0 features of type [RefAxis] in EJ. PIN^Assem1.STEP-5
2025-04-08 02:10:06,131 INFO  ExportHelperExtension.cs: 1125 - Retrieving features of type [RefAxis] from EJ. PIN^Assem1.STEP-4
2025-04-08 02:10:06,131 INFO  ExportHelperExtension.cs: 1136 - Found 24 in EJ. PIN^Assem1.STEP-4
2025-04-08 02:10:06,132 INFO  ExportHelperExtension.cs: 1145 - Found 0 features of type [RefAxis] in EJ. PIN^Assem1.STEP-4
2025-04-08 02:10:06,132 INFO  ExportHelperExtension.cs: 1125 - Retrieving features of type [RefAxis] from EJ. PIN^Assem1.STEP-8
2025-04-08 02:10:06,132 INFO  ExportHelperExtension.cs: 1136 - Found 24 in EJ. PIN^Assem1.STEP-8
2025-04-08 02:10:06,133 INFO  ExportHelperExtension.cs: 1145 - Found 0 features of type [RefAxis] in EJ. PIN^Assem1.STEP-8
2025-04-08 02:10:06,133 INFO  ExportHelperExtension.cs: 1125 - Retrieving features of type [RefAxis] from SUPPORT ROD^Assem1.STEP-1
2025-04-08 02:10:06,133 INFO  ExportHelperExtension.cs: 1136 - Found 24 in SUPPORT ROD^Assem1.STEP-1
2025-04-08 02:10:06,133 INFO  ExportHelperExtension.cs: 1145 - Found 0 features of type [RefAxis] in SUPPORT ROD^Assem1.STEP-1
2025-04-08 02:10:06,134 INFO  ExportHelperExtension.cs: 1125 - Retrieving features of type [RefAxis] from SUPPORT ROD^Assem1.STEP-5
2025-04-08 02:10:06,134 INFO  ExportHelperExtension.cs: 1136 - Found 24 in SUPPORT ROD^Assem1.STEP-5
2025-04-08 02:10:06,134 INFO  ExportHelperExtension.cs: 1145 - Found 0 features of type [RefAxis] in SUPPORT ROD^Assem1.STEP-5
2025-04-08 02:10:06,134 INFO  ExportHelperExtension.cs: 1125 - Retrieving features of type [RefAxis] from SUPPORT ROD^Assem1.STEP-2
2025-04-08 02:10:06,135 INFO  ExportHelperExtension.cs: 1136 - Found 24 in SUPPORT ROD^Assem1.STEP-2
2025-04-08 02:10:06,135 INFO  ExportHelperExtension.cs: 1145 - Found 0 features of type [RefAxis] in SUPPORT ROD^Assem1.STEP-2
2025-04-08 02:10:06,135 INFO  ExportHelperExtension.cs: 1125 - Retrieving features of type [RefAxis] from SUPPORT ROD^Assem1.STEP-6
2025-04-08 02:10:06,135 INFO  ExportHelperExtension.cs: 1136 - Found 24 in SUPPORT ROD^Assem1.STEP-6
2025-04-08 02:10:06,136 INFO  ExportHelperExtension.cs: 1145 - Found 0 features of type [RefAxis] in SUPPORT ROD^Assem1.STEP-6
2025-04-08 02:10:06,136 INFO  ExportHelperExtension.cs: 1125 - Retrieving features of type [RefAxis] from EJ. GUIDE BUSH^Assem1.STEP-4
2025-04-08 02:10:06,136 INFO  ExportHelperExtension.cs: 1136 - Found 24 in EJ. GUIDE BUSH^Assem1.STEP-4
2025-04-08 02:10:06,136 INFO  ExportHelperExtension.cs: 1145 - Found 0 features of type [RefAxis] in EJ. GUIDE BUSH^Assem1.STEP-4
2025-04-08 02:10:06,136 INFO  ExportHelperExtension.cs: 1125 - Retrieving features of type [RefAxis] from EJ. PIN^Assem1.STEP-3
2025-04-08 02:10:06,137 INFO  ExportHelperExtension.cs: 1136 - Found 24 in EJ. PIN^Assem1.STEP-3
2025-04-08 02:10:06,137 INFO  ExportHelperExtension.cs: 1145 - Found 0 features of type [RefAxis] in EJ. PIN^Assem1.STEP-3
2025-04-08 02:10:06,137 INFO  ExportHelperExtension.cs: 1125 - Retrieving features of type [RefAxis] from EJ. GUIDE BUSH^Assem1.STEP-3
2025-04-08 02:10:06,137 INFO  ExportHelperExtension.cs: 1136 - Found 24 in EJ. GUIDE BUSH^Assem1.STEP-3
2025-04-08 02:10:06,138 INFO  ExportHelperExtension.cs: 1145 - Found 0 features of type [RefAxis] in EJ. GUIDE BUSH^Assem1.STEP-3
2025-04-08 02:10:06,138 INFO  ExportHelperExtension.cs: 1125 - Retrieving features of type [RefAxis] from EJ. GUIDE PILLKER^Assem1.STEP-4
2025-04-08 02:10:06,138 INFO  ExportHelperExtension.cs: 1136 - Found 24 in EJ. GUIDE PILLKER^Assem1.STEP-4
2025-04-08 02:10:06,138 INFO  ExportHelperExtension.cs: 1145 - Found 0 features of type [RefAxis] in EJ. GUIDE PILLKER^Assem1.STEP-4
2025-04-08 02:10:06,139 INFO  ExportHelperExtension.cs: 1125 - Retrieving features of type [RefAxis] from EJ. GUIDE PILLKER^Assem1.STEP-2
2025-04-08 02:10:06,139 INFO  ExportHelperExtension.cs: 1136 - Found 24 in EJ. GUIDE PILLKER^Assem1.STEP-2
2025-04-08 02:10:06,139 INFO  ExportHelperExtension.cs: 1145 - Found 0 features of type [RefAxis] in EJ. GUIDE PILLKER^Assem1.STEP-2
2025-04-08 02:10:06,141 INFO  ExportHelperExtension.cs: 1125 - Retrieving features of type [RefAxis] from EJ. GUIDE BUSH^Assem1.STEP-2
2025-04-08 02:10:06,155 INFO  ExportHelperExtension.cs: 1136 - Found 24 in EJ. GUIDE BUSH^Assem1.STEP-2
2025-04-08 02:10:06,155 INFO  ExportHelperExtension.cs: 1145 - Found 0 features of type [RefAxis] in EJ. GUIDE BUSH^Assem1.STEP-2
2025-04-08 02:10:06,156 INFO  ExportHelperExtension.cs: 1125 - Retrieving features of type [RefAxis] from SUPPORT ROD^Assem1.STEP-3
2025-04-08 02:10:06,156 INFO  ExportHelperExtension.cs: 1136 - Found 24 in SUPPORT ROD^Assem1.STEP-3
2025-04-08 02:10:06,156 INFO  ExportHelperExtension.cs: 1145 - Found 0 features of type [RefAxis] in SUPPORT ROD^Assem1.STEP-3
2025-04-08 02:10:06,156 INFO  ExportHelperExtension.cs: 1125 - Retrieving features of type [RefAxis] from EJ. GUIDE PILLKER^Assem1.STEP-3
2025-04-08 02:10:06,157 INFO  ExportHelperExtension.cs: 1136 - Found 24 in EJ. GUIDE PILLKER^Assem1.STEP-3
2025-04-08 02:10:06,157 INFO  ExportHelperExtension.cs: 1145 - Found 0 features of type [RefAxis] in EJ. GUIDE PILLKER^Assem1.STEP-3
2025-04-08 02:10:06,157 INFO  ExportHelperExtension.cs: 1125 - Retrieving features of type [RefAxis] from SUPPORT ROD^Assem1.STEP-4
2025-04-08 02:10:06,157 INFO  ExportHelperExtension.cs: 1136 - Found 24 in SUPPORT ROD^Assem1.STEP-4
2025-04-08 02:10:06,158 INFO  ExportHelperExtension.cs: 1145 - Found 0 features of type [RefAxis] in SUPPORT ROD^Assem1.STEP-4
2025-04-08 02:10:06,158 INFO  ExportHelperExtension.cs: 1125 - Retrieving features of type [RefAxis] from link 3^Assem1.STEP-3
2025-04-08 02:10:06,158 INFO  ExportHelperExtension.cs: 1136 - Found 24 in link 3^Assem1.STEP-3
2025-04-08 02:10:06,158 INFO  ExportHelperExtension.cs: 1145 - Found 0 features of type [RefAxis] in link 3^Assem1.STEP-3
2025-04-08 02:10:06,159 INFO  ExportHelperExtension.cs: 1125 - Retrieving features of type [RefAxis] from link 3^Assem1.STEP-2
2025-04-08 02:10:06,159 INFO  ExportHelperExtension.cs: 1136 - Found 24 in link 3^Assem1.STEP-2
2025-04-08 02:10:06,159 INFO  ExportHelperExtension.cs: 1145 - Found 0 features of type [RefAxis] in link 3^Assem1.STEP-2
2025-04-08 02:10:06,159 INFO  ExportHelperExtension.cs: 1125 - Retrieving features of type [RefAxis] from SUPPORT ROD^Assem1.STEP-7
2025-04-08 02:10:06,159 INFO  ExportHelperExtension.cs: 1136 - Found 24 in SUPPORT ROD^Assem1.STEP-7
2025-04-08 02:10:06,160 INFO  ExportHelperExtension.cs: 1145 - Found 0 features of type [RefAxis] in SUPPORT ROD^Assem1.STEP-7
2025-04-08 02:10:06,160 INFO  ExportHelperExtension.cs: 1125 - Retrieving features of type [RefAxis] from SUPPORT ROD^Assem1.STEP-9
2025-04-08 02:10:06,160 INFO  ExportHelperExtension.cs: 1136 - Found 24 in SUPPORT ROD^Assem1.STEP-9
2025-04-08 02:10:06,160 INFO  ExportHelperExtension.cs: 1145 - Found 0 features of type [RefAxis] in SUPPORT ROD^Assem1.STEP-9
2025-04-08 02:10:06,161 INFO  ExportHelperExtension.cs: 1125 - Retrieving features of type [RefAxis] from cylinder end^Assem1.STEP-1
2025-04-08 02:10:06,161 INFO  ExportHelperExtension.cs: 1136 - Found 25 in cylinder end^Assem1.STEP-1
2025-04-08 02:10:06,161 INFO  ExportHelperExtension.cs: 1145 - Found 0 features of type [RefAxis] in cylinder end^Assem1.STEP-1
2025-04-08 02:10:06,161 INFO  ExportHelperExtension.cs: 1125 - Retrieving features of type [RefAxis] from link 10080^Assem1.STEP-2
2025-04-08 02:10:06,162 INFO  ExportHelperExtension.cs: 1136 - Found 24 in link 10080^Assem1.STEP-2
2025-04-08 02:10:06,162 INFO  ExportHelperExtension.cs: 1145 - Found 0 features of type [RefAxis] in link 10080^Assem1.STEP-2
2025-04-08 02:10:06,162 INFO  ExportHelperExtension.cs: 1125 - Retrieving features of type [RefAxis] from link 10080^Assem1.STEP-1
2025-04-08 02:10:06,162 INFO  ExportHelperExtension.cs: 1136 - Found 24 in link 10080^Assem1.STEP-1
2025-04-08 02:10:06,163 INFO  ExportHelperExtension.cs: 1145 - Found 0 features of type [RefAxis] in link 10080^Assem1.STEP-1
2025-04-08 02:10:06,163 INFO  ExportHelperExtension.cs: 1125 - Retrieving features of type [RefAxis] from link 3^Assem1.STEP-4
2025-04-08 02:10:06,163 INFO  ExportHelperExtension.cs: 1136 - Found 24 in link 3^Assem1.STEP-4
2025-04-08 02:10:06,163 INFO  ExportHelperExtension.cs: 1145 - Found 0 features of type [RefAxis] in link 3^Assem1.STEP-4
2025-04-08 02:10:06,163 INFO  ExportHelperExtension.cs: 1125 - Retrieving features of type [RefAxis] from SUPPORT ROD^Assem1.STEP-10
2025-04-08 02:10:06,164 INFO  ExportHelperExtension.cs: 1136 - Found 24 in SUPPORT ROD^Assem1.STEP-10
2025-04-08 02:10:06,164 INFO  ExportHelperExtension.cs: 1145 - Found 0 features of type [RefAxis] in SUPPORT ROD^Assem1.STEP-10
2025-04-08 02:10:06,164 INFO  ExportHelperExtension.cs: 1125 - Retrieving features of type [RefAxis] from SUPPORT ROD^Assem1.STEP-8
2025-04-08 02:10:06,164 INFO  ExportHelperExtension.cs: 1136 - Found 24 in SUPPORT ROD^Assem1.STEP-8
2025-04-08 02:10:06,165 INFO  ExportHelperExtension.cs: 1145 - Found 0 features of type [RefAxis] in SUPPORT ROD^Assem1.STEP-8
2025-04-08 02:10:06,165 INFO  ExportHelperExtension.cs: 1125 - Retrieving features of type [RefAxis] from SUPPORT ROD^Assem1.STEP-11
2025-04-08 02:10:06,165 INFO  ExportHelperExtension.cs: 1136 - Found 24 in SUPPORT ROD^Assem1.STEP-11
2025-04-08 02:10:06,165 INFO  ExportHelperExtension.cs: 1145 - Found 0 features of type [RefAxis] in SUPPORT ROD^Assem1.STEP-11
2025-04-08 02:10:06,166 INFO  ExportHelperExtension.cs: 1125 - Retrieving features of type [RefAxis] from link 3^Assem1.STEP-1
2025-04-08 02:10:06,166 INFO  ExportHelperExtension.cs: 1136 - Found 24 in link 3^Assem1.STEP-1
2025-04-08 02:10:06,166 INFO  ExportHelperExtension.cs: 1145 - Found 0 features of type [RefAxis] in link 3^Assem1.STEP-1
2025-04-08 02:10:06,166 INFO  ExportHelperExtension.cs: 1125 - Retrieving features of type [RefAxis] from link 10080^Assem1.STEP-4
2025-04-08 02:10:06,166 INFO  ExportHelperExtension.cs: 1136 - Found 24 in link 10080^Assem1.STEP-4
2025-04-08 02:10:06,167 INFO  ExportHelperExtension.cs: 1145 - Found 0 features of type [RefAxis] in link 10080^Assem1.STEP-4
2025-04-08 02:10:06,167 INFO  ExportHelperExtension.cs: 1125 - Retrieving features of type [RefAxis] from link 3^Assem1.STEP-5
2025-04-08 02:10:06,167 INFO  ExportHelperExtension.cs: 1136 - Found 24 in link 3^Assem1.STEP-5
2025-04-08 02:10:06,167 INFO  ExportHelperExtension.cs: 1145 - Found 0 features of type [RefAxis] in link 3^Assem1.STEP-5
2025-04-08 02:10:06,168 INFO  ExportHelperExtension.cs: 1125 - Retrieving features of type [RefAxis] from link 10080^Assem1.STEP-3
2025-04-08 02:10:06,168 INFO  ExportHelperExtension.cs: 1136 - Found 24 in link 10080^Assem1.STEP-3
2025-04-08 02:10:06,168 INFO  ExportHelperExtension.cs: 1145 - Found 0 features of type [RefAxis] in link 10080^Assem1.STEP-3
2025-04-08 02:10:06,168 INFO  ExportHelperExtension.cs: 1125 - Retrieving features of type [RefAxis] from link 3^Assem1.STEP-6
2025-04-08 02:10:06,168 INFO  ExportHelperExtension.cs: 1136 - Found 24 in link 3^Assem1.STEP-6
2025-04-08 02:10:06,169 INFO  ExportHelperExtension.cs: 1145 - Found 0 features of type [RefAxis] in link 3^Assem1.STEP-6
2025-04-08 02:10:06,169 INFO  ExportHelperExtension.cs: 1125 - Retrieving features of type [RefAxis] from small link^Assem1.STEP-3
2025-04-08 02:10:06,169 INFO  ExportHelperExtension.cs: 1136 - Found 24 in small link^Assem1.STEP-3
2025-04-08 02:10:06,169 INFO  ExportHelperExtension.cs: 1145 - Found 0 features of type [RefAxis] in small link^Assem1.STEP-3
2025-04-08 02:10:06,170 INFO  ExportHelperExtension.cs: 1125 - Retrieving features of type [RefAxis] from small link^Assem1.STEP-1
2025-04-08 02:10:06,170 INFO  ExportHelperExtension.cs: 1136 - Found 24 in small link^Assem1.STEP-1
2025-04-08 02:10:06,170 INFO  ExportHelperExtension.cs: 1145 - Found 0 features of type [RefAxis] in small link^Assem1.STEP-1
2025-04-08 02:10:06,170 INFO  ExportHelperExtension.cs: 1125 - Retrieving features of type [RefAxis] from nozzle^Assem1.STEP-1
2025-04-08 02:10:06,171 INFO  ExportHelperExtension.cs: 1136 - Found 24 in nozzle^Assem1.STEP-1
2025-04-08 02:10:06,171 INFO  ExportHelperExtension.cs: 1145 - Found 0 features of type [RefAxis] in nozzle^Assem1.STEP-1
2025-04-08 02:10:06,171 INFO  ExportHelperExtension.cs: 1125 - Retrieving features of type [RefAxis] from small link^Assem1.STEP-2
2025-04-08 02:10:06,171 INFO  ExportHelperExtension.cs: 1136 - Found 24 in small link^Assem1.STEP-2
2025-04-08 02:10:06,172 INFO  ExportHelperExtension.cs: 1145 - Found 0 features of type [RefAxis] in small link^Assem1.STEP-2
2025-04-08 02:10:06,172 INFO  ExportHelperExtension.cs: 1125 - Retrieving features of type [RefAxis] from small link^Assem1.STEP-4
2025-04-08 02:10:06,172 INFO  ExportHelperExtension.cs: 1136 - Found 24 in small link^Assem1.STEP-4
2025-04-08 02:10:06,172 INFO  ExportHelperExtension.cs: 1145 - Found 0 features of type [RefAxis] in small link^Assem1.STEP-4
2025-04-08 02:10:06,204 INFO  ExportPropertyManager.cs: 1142 - AfterClose called. This method no longer throws an Exception. It just silently does nothing. Ok, except for this logging message
2025-04-08 02:10:19,214 INFO  AssemblyExportForm.cs: 253 - Completing URDF export
2025-04-08 02:10:19,222 INFO  ConfigurationSerialization.cs: 276 - URDF Configuration found
<Link z:Id="i1" xmlns="http://schemas.datacontract.org/2004/07/SW2URDF" xmlns:i="http://www.w3.org/2001/XMLSchema-instance" xmlns:z="http://schemas.microsoft.com/2003/10/Serialization/"><Attributes><Attribute z:Id="i2"><AttributeType>name</AttributeType><IsRequired>true</IsRequired><Value i:type="a:string" xmlns:a="http://www.w3.org/2001/XMLSchema">base_link</Value></Attribute></Attributes><ChildElements><URDFElement z:Id="i3" i:type="Inertial"><Attributes/><ChildElements><URDFElement z:Id="i4" i:type="Origin"><Attributes><Attribute z:Id="i5"><AttributeType>xyz</AttributeType><IsRequired>true</IsRequired><Value i:type="a:ArrayOfdouble" xmlns:a="http://schemas.microsoft.com/2003/10/Serialization/Arrays"><a:double>0</a:double><a:double>0</a:double><a:double>0</a:double></Value></Attribute><Attribute z:Id="i6"><AttributeType>rpy</AttributeType><IsRequired>true</IsRequired><Value i:type="a:ArrayOfdouble" xmlns:a="http://schemas.microsoft.com/2003/10/Serialization/Arrays"><a:double>0</a:double><a:double>0</a:double><a:double>0</a:double></Value></Attribute></Attributes><ChildElements/><ElementName>origin</ElementName><required>false</required><RPYAttribute z:Ref="i6"/><XYZAttribute z:Ref="i5"/><isCustomized>false</isCustomized></URDFElement><URDFElement z:Id="i7" i:type="Mass"><Attributes><Attribute z:Id="i8"><AttributeType>value</AttributeType><IsRequired>true</IsRequired><Value i:type="a:double" xmlns:a="http://www.w3.org/2001/XMLSchema">0</Value></Attribute></Attributes><ChildElements/><ElementName>mass</ElementName><required>false</required><ValueAttribute z:Ref="i8"/></URDFElement><URDFElement z:Id="i9" i:type="Inertia"><Attributes><Attribute z:Id="i10"><AttributeType>ixx</AttributeType><IsRequired>true</IsRequired><Value i:type="a:double" xmlns:a="http://www.w3.org/2001/XMLSchema">0</Value></Attribute><Attribute z:Id="i11"><AttributeType>ixy</AttributeType><IsRequired>true</IsRequired><Value i:type="a:double" xmlns:a="http://www.w3.org/2001/XMLSchema">0</Value></Attribute><Attribute z:Id="i12"><AttributeType>ixz</AttributeType><IsRequired>true</IsRequired><Value i:type="a:double" xmlns:a="http://www.w3.org/2001/XMLSchema">0</Value></Attribute><Attribute z:Id="i13"><AttributeType>iyy</AttributeType><IsRequired>true</IsRequired><Value i:type="a:double" xmlns:a="http://www.w3.org/2001/XMLSchema">0</Value></Attribute><Attribute z:Id="i14"><AttributeType>iyz</AttributeType><IsRequired>true</IsRequired><Value i:type="a:double" xmlns:a="http://www.w3.org/2001/XMLSchema">0</Value></Attribute><Attribute z:Id="i15"><AttributeType>izz</AttributeType><IsRequired>true</IsRequired><Value i:type="a:double" xmlns:a="http://www.w3.org/2001/XMLSchema">0</Value></Attribute></Attributes><ChildElements/><ElementName>inertia</ElementName><required>false</required><IxxAttribute z:Ref="i10"/><IxyAttribute z:Ref="i11"/><IxzAttribute z:Ref="i12"/><IyyAttribute z:Ref="i13"/><IyzAttribute z:Ref="i14"/><IzzAttribute z:Ref="i15"/></URDFElement></ChildElements><ElementName>inertial</ElementName><required>false</required><Inertia z:Ref="i9"/><Mass z:Ref="i7"/><Origin z:Ref="i4"/></URDFElement><URDFElement z:Id="i16" i:type="Visual"><Attributes/><ChildElements><URDFElement z:Id="i17" i:type="Origin"><Attributes><Attribute z:Id="i18"><AttributeType>xyz</AttributeType><IsRequired>true</IsRequired><Value i:type="a:ArrayOfdouble" xmlns:a="http://schemas.microsoft.com/2003/10/Serialization/Arrays"><a:double>0</a:double><a:double>0</a:double><a:double>0</a:double></Value></Attribute><Attribute z:Id="i19"><AttributeType>rpy</AttributeType><IsRequired>true</IsRequired><Value i:type="a:ArrayOfdouble" xmlns:a="http://schemas.microsoft.com/2003/10/Serialization/Arrays"><a:double>0</a:double><a:double>0</a:double><a:double>0</a:double></Value></Attribute></Attributes><ChildElements/><ElementName>origin</ElementName><required>false</required><RPYAttribute z:Ref="i19"/><XYZAttribute z:Ref="i18"/><isCustomized>false</isCustomized></URDFElement><URDFElement z:Id="i20" i:type="Geometry"><Attributes/><ChildElements><URDFElement z:Id="i21" i:type="Mesh"><Attributes><Attribute z:Id="i22"><AttributeType>filename</AttributeType><IsRequired>true</IsRequired><Value i:nil="true"/></Attribute></Attributes><ChildElements/><ElementName>mesh</ElementName><required>false</required><FilenameAttribute z:Ref="i22"/></URDFElement></ChildElements><ElementName>geometry</ElementName><required>true</required><Mesh z:Ref="i21"/></URDFElement><URDFElement z:Id="i23" i:type="Material"><Attributes><Attribute z:Id="i24"><AttributeType>name</AttributeType><IsRequired>true</IsRequired><Value i:type="a:string" xmlns:a="http://www.w3.org/2001/XMLSchema"/></Attribute></Attributes><ChildElements><URDFElement z:Id="i25" i:type="Color"><Attributes><Attribute z:Id="i26"><AttributeType>rgba</AttributeType><IsRequired>true</IsRequired><Value i:type="a:ArrayOfdouble" xmlns:a="http://schemas.microsoft.com/2003/10/Serialization/Arrays"><a:double>1</a:double><a:double>1</a:double><a:double>1</a:double><a:double>1</a:double></Value></Attribute></Attributes><ChildElements/><ElementName>color</ElementName><required>false</required><RGBAAttribute z:Ref="i26"/></URDFElement><URDFElement z:Id="i27" i:type="Texture"><Attributes><Attribute z:Id="i28"><AttributeType>filename</AttributeType><IsRequired>true</IsRequired><Value i:nil="true"/></Attribute></Attributes><ChildElements/><ElementName>texture</ElementName><required>false</required><FilenameAttribute z:Ref="i28"/><wFilename/></URDFElement></ChildElements><ElementName>material</ElementName><required>false</required><Color z:Ref="i25"/><NameAttribute z:Ref="i24"/><Texture z:Ref="i27"/></URDFElement></ChildElements><ElementName>visual</ElementName><required>false</required><Geometry z:Ref="i20"/><Material z:Ref="i23"/><Origin z:Ref="i17"/></URDFElement><URDFElement z:Id="i29" i:type="Collision"><Attributes/><ChildElements><URDFElement z:Id="i30" i:type="Origin"><Attributes><Attribute z:Id="i31"><AttributeType>xyz</AttributeType><IsRequired>true</IsRequired><Value i:type="a:ArrayOfdouble" xmlns:a="http://schemas.microsoft.com/2003/10/Serialization/Arrays"><a:double>0</a:double><a:double>0</a:double><a:double>0</a:double></Value></Attribute><Attribute z:Id="i32"><AttributeType>rpy</AttributeType><IsRequired>true</IsRequired><Value i:type="a:ArrayOfdouble" xmlns:a="http://schemas.microsoft.com/2003/10/Serialization/Arrays"><a:double>0</a:double><a:double>0</a:double><a:double>0</a:double></Value></Attribute></Attributes><ChildElements/><ElementName>origin</ElementName><required>false</required><RPYAttribute z:Ref="i32"/><XYZAttribute z:Ref="i31"/><isCustomized>false</isCustomized></URDFElement><URDFElement z:Id="i33" i:type="Geometry"><Attributes/><ChildElements><URDFElement z:Id="i34" i:type="Mesh"><Attributes><Attribute z:Id="i35"><AttributeType>filename</AttributeType><IsRequired>true</IsRequired><Value i:nil="true"/></Attribute></Attributes><ChildElements/><ElementName>mesh</ElementName><required>false</required><FilenameAttribute z:Ref="i35"/></URDFElement></ChildElements><ElementName>geometry</ElementName><required>true</required><Mesh z:Ref="i34"/></URDFElement></ChildElements><ElementName>collision</ElementName><required>false</required><Geometry z:Ref="i33"/><Origin z:Ref="i30"/></URDFElement><URDFElement z:Id="i36" i:type="Joint"><Attributes><Attribute z:Id="i37"><AttributeType>name</AttributeType><IsRequired>true</IsRequired><Value i:type="a:string" xmlns:a="http://www.w3.org/2001/XMLSchema"/></Attribute><Attribute z:Id="i38"><AttributeType>type</AttributeType><IsRequired>true</IsRequired><Value i:type="a:string" xmlns:a="http://www.w3.org/2001/XMLSchema"/></Attribute></Attributes><ChildElements><URDFElement z:Id="i39" i:type="Origin"><Attributes><Attribute z:Id="i40"><AttributeType>xyz</AttributeType><IsRequired>true</IsRequired><Value i:type="a:ArrayOfdouble" xmlns:a="http://schemas.microsoft.com/2003/10/Serialization/Arrays"><a:double>0</a:double><a:double>0</a:double><a:double>0</a:double></Value></Attribute><Attribute z:Id="i41"><AttributeType>rpy</AttributeType><IsRequired>true</IsRequired><Value i:type="a:ArrayOfdouble" xmlns:a="http://schemas.microsoft.com/2003/10/Serialization/Arrays"><a:double>0</a:double><a:double>0</a:double><a:double>0</a:double></Value></Attribute></Attributes><ChildElements/><ElementName>origin</ElementName><required>false</required><RPYAttribute z:Ref="i41"/><XYZAttribute z:Ref="i40"/><isCustomized>false</isCustomized></URDFElement><URDFElement z:Id="i42" i:type="ParentLink"><Attributes><Attribute z:Id="i43"><AttributeType>link</AttributeType><IsRequired>true</IsRequired><Value i:type="a:string" xmlns:a="http://www.w3.org/2001/XMLSchema"/></Attribute></Attributes><ChildElements/><ElementName>parent</ElementName><required>true</required><NameAttribute z:Ref="i43"/></URDFElement><URDFElement z:Id="i44" i:type="ChildLink"><Attributes><Attribute z:Id="i45"><AttributeType>link</AttributeType><IsRequired>true</IsRequired><Value i:type="a:string" xmlns:a="http://www.w3.org/2001/XMLSchema"/></Attribute></Attributes><ChildElements/><ElementName>child</ElementName><required>true</required><NameAttribute z:Ref="i45"/></URDFElement><URDFElement z:Id="i46" i:type="Axis"><Attributes><Attribute z:Id="i47"><AttributeType>xyz</AttributeType><IsRequired>true</IsRequired><Value i:type="a:ArrayOfdouble" xmlns:a="http://schemas.microsoft.com/2003/10/Serialization/Arrays"><a:double>0</a:double><a:double>0</a:double><a:double>0</a:double></Value></Attribute></Attributes><ChildElements/><ElementName>axis</ElementName><required>false</required><XYZAttribute z:Ref="i47"/></URDFElement><URDFElement z:Id="i48" i:type="Limit"><Attributes><Attribute z:Id="i49"><AttributeType>lower</AttributeType><IsRequired>false</IsRequired><Value i:nil="true"/></Attribute><Attribute z:Id="i50"><AttributeType>upper</AttributeType><IsRequired>false</IsRequired><Value i:nil="true"/></Attribute><Attribute z:Id="i51"><AttributeType>effort</AttributeType><IsRequired>true</IsRequired><Value i:nil="true"/></Attribute><Attribute z:Id="i52"><AttributeType>velocity</AttributeType><IsRequired>true</IsRequired><Value i:nil="true"/></Attribute></Attributes><ChildElements/><ElementName>limit</ElementName><required>false</required><EffortAttribute z:Ref="i51"/><LowerAttribute z:Ref="i49"/><UpperAttribute z:Ref="i50"/><VelocityAttribute z:Ref="i52"/></URDFElement><URDFElement z:Id="i53" i:type="Calibration"><Attributes><Attribute z:Id="i54"><AttributeType>rising</AttributeType><IsRequired>false</IsRequired><Value i:nil="true"/></Attribute><Attribute z:Id="i55"><AttributeType>falling</AttributeType><IsRequired>false</IsRequired><Value i:nil="true"/></Attribute></Attributes><ChildElements/><ElementName>calibration</ElementName><required>false</required><FallingAttribute z:Ref="i55"/><RisingAttribute z:Ref="i54"/></URDFElement><URDFElement z:Id="i56" i:type="Dynamics"><Attributes><Attribute z:Id="i57"><AttributeType>damping</AttributeType><IsRequired>false</IsRequired><Value i:nil="true"/></Attribute><Attribute z:Id="i58"><AttributeType>friction</AttributeType><IsRequired>false</IsRequired><Value i:nil="true"/></Attribute></Attributes><ChildElements/><ElementName>dynamics</ElementName><required>false</required><DampingAttribute z:Ref="i57"/><FrictionAttribute z:Ref="i58"/></URDFElement><URDFElement z:Id="i59" i:type="SafetyController"><Attributes><Attribute z:Id="i60"><AttributeType>soft_upper_limit</AttributeType><IsRequired>false</IsRequired><Value i:nil="true"/></Attribute><Attribute z:Id="i61"><AttributeType>soft_lower_limit</AttributeType><IsRequired>false</IsRequired><Value i:nil="true"/></Attribute><Attribute z:Id="i62"><AttributeType>k_position</AttributeType><IsRequired>false</IsRequired><Value i:nil="true"/></Attribute><Attribute z:Id="i63"><AttributeType>k_velocity</AttributeType><IsRequired>true</IsRequired><Value i:nil="true"/></Attribute></Attributes><ChildElements/><ElementName>safety_controller</ElementName><required>false</required><KPositionAttribute z:Ref="i62"/><KVelocityAttribute z:Ref="i63"/><SoftLowerAttribute z:Ref="i61"/><SoftUpperAttribute z:Ref="i60"/></URDFElement><URDFElement z:Id="i64" i:type="Mimic"><Attributes><Attribute z:Id="i65"><AttributeType>joint</AttributeType><IsRequired>true</IsRequired><Value i:nil="true"/></Attribute><Attribute z:Id="i66"><AttributeType>multiplier</AttributeType><IsRequired>false</IsRequired><Value i:nil="true"/></Attribute><Attribute z:Id="i67"><AttributeType>offset</AttributeType><IsRequired>false</IsRequired><Value i:nil="true"/></Attribute></Attributes><ChildElements/><ElementName>mimic</ElementName><required>false</required><JointNameAttribute z:Ref="i65"/><MultiplierAttribute z:Ref="i66"/><OffsetAttribute z:Ref="i67"/></URDFElement></ChildElements><ElementName>joint</ElementName><required>false</required><Axis z:Ref="i46"/><AxisName/><Calibration z:Ref="i53"/><Child z:Ref="i44"/><CoordinateSystemName>?????????1</CoordinateSystemName><Dynamics z:Ref="i56"/><Limit z:Ref="i48"/><Mimic z:Ref="i64"/><NameAttribute z:Ref="i37"/><Origin z:Ref="i39"/><Parent z:Ref="i42"/><Safety z:Ref="i59"/><TypeAttribute z:Ref="i38"/></URDFElement></ChildElements><ElementName>link</ElementName><required>true</required><Children><Link z:Id="i68"><Attributes><Attribute z:Id="i69"><AttributeType>name</AttributeType><IsRequired>true</IsRequired><Value i:type="a:string" xmlns:a="http://www.w3.org/2001/XMLSchema">molding</Value></Attribute></Attributes><ChildElements><URDFElement z:Id="i70" i:type="Inertial"><Attributes/><ChildElements><URDFElement z:Id="i71" i:type="Origin"><Attributes><Attribute z:Id="i72"><AttributeType>xyz</AttributeType><IsRequired>true</IsRequired><Value i:type="a:ArrayOfdouble" xmlns:a="http://schemas.microsoft.com/2003/10/Serialization/Arrays"><a:double>0</a:double><a:double>0</a:double><a:double>0</a:double></Value></Attribute><Attribute z:Id="i73"><AttributeType>rpy</AttributeType><IsRequired>true</IsRequired><Value i:type="a:ArrayOfdouble" xmlns:a="http://schemas.microsoft.com/2003/10/Serialization/Arrays"><a:double>0</a:double><a:double>0</a:double><a:double>0</a:double></Value></Attribute></Attributes><ChildElements/><ElementName>origin</ElementName><required>false</required><RPYAttribute z:Ref="i73"/><XYZAttribute z:Ref="i72"/><isCustomized>false</isCustomized></URDFElement><URDFElement z:Id="i74" i:type="Mass"><Attributes><Attribute z:Id="i75"><AttributeType>value</AttributeType><IsRequired>true</IsRequired><Value i:type="a:double" xmlns:a="http://www.w3.org/2001/XMLSchema">0</Value></Attribute></Attributes><ChildElements/><ElementName>mass</ElementName><required>false</required><ValueAttribute z:Ref="i75"/></URDFElement><URDFElement z:Id="i76" i:type="Inertia"><Attributes><Attribute z:Id="i77"><AttributeType>ixx</AttributeType><IsRequired>true</IsRequired><Value i:type="a:double" xmlns:a="http://www.w3.org/2001/XMLSchema">0</Value></Attribute><Attribute z:Id="i78"><AttributeType>ixy</AttributeType><IsRequired>true</IsRequired><Value i:type="a:double" xmlns:a="http://www.w3.org/2001/XMLSchema">0</Value></Attribute><Attribute z:Id="i79"><AttributeType>ixz</AttributeType><IsRequired>true</IsRequired><Value i:type="a:double" xmlns:a="http://www.w3.org/2001/XMLSchema">0</Value></Attribute><Attribute z:Id="i80"><AttributeType>iyy</AttributeType><IsRequired>true</IsRequired><Value i:type="a:double" xmlns:a="http://www.w3.org/2001/XMLSchema">0</Value></Attribute><Attribute z:Id="i81"><AttributeType>iyz</AttributeType><IsRequired>true</IsRequired><Value i:type="a:double" xmlns:a="http://www.w3.org/2001/XMLSchema">0</Value></Attribute><Attribute z:Id="i82"><AttributeType>izz</AttributeType><IsRequired>true</IsRequired><Value i:type="a:double" xmlns:a="http://www.w3.org/2001/XMLSchema">0</Value></Attribute></Attributes><ChildElements/><ElementName>inertia</ElementName><required>false</required><IxxAttribute z:Ref="i77"/><IxyAttribute z:Ref="i78"/><IxzAttribute z:Ref="i79"/><IyyAttribute z:Ref="i80"/><IyzAttribute z:Ref="i81"/><IzzAttribute z:Ref="i82"/></URDFElement></ChildElements><ElementName>inertial</ElementName><required>false</required><Inertia z:Ref="i76"/><Mass z:Ref="i74"/><Origin z:Ref="i71"/></URDFElement><URDFElement z:Id="i83" i:type="Visual"><Attributes/><ChildElements><URDFElement z:Id="i84" i:type="Origin"><Attributes><Attribute z:Id="i85"><AttributeType>xyz</AttributeType><IsRequired>true</IsRequired><Value i:type="a:ArrayOfdouble" xmlns:a="http://schemas.microsoft.com/2003/10/Serialization/Arrays"><a:double>0</a:double><a:double>0</a:double><a:double>0</a:double></Value></Attribute><Attribute z:Id="i86"><AttributeType>rpy</AttributeType><IsRequired>true</IsRequired><Value i:type="a:ArrayOfdouble" xmlns:a="http://schemas.microsoft.com/2003/10/Serialization/Arrays"><a:double>0</a:double><a:double>0</a:double><a:double>0</a:double></Value></Attribute></Attributes><ChildElements/><ElementName>origin</ElementName><required>false</required><RPYAttribute z:Ref="i86"/><XYZAttribute z:Ref="i85"/><isCustomized>false</isCustomized></URDFElement><URDFElement z:Id="i87" i:type="Geometry"><Attributes/><ChildElements><URDFElement z:Id="i88" i:type="Mesh"><Attributes><Attribute z:Id="i89"><AttributeType>filename</AttributeType><IsRequired>true</IsRequired><Value i:nil="true"/></Attribute></Attributes><ChildElements/><ElementName>mesh</ElementName><required>false</required><FilenameAttribute z:Ref="i89"/></URDFElement></ChildElements><ElementName>geometry</ElementName><required>true</required><Mesh z:Ref="i88"/></URDFElement><URDFElement z:Id="i90" i:type="Material"><Attributes><Attribute z:Id="i91"><AttributeType>name</AttributeType><IsRequired>true</IsRequired><Value i:type="a:string" xmlns:a="http://www.w3.org/2001/XMLSchema"/></Attribute></Attributes><ChildElements><URDFElement z:Id="i92" i:type="Color"><Attributes><Attribute z:Id="i93"><AttributeType>rgba</AttributeType><IsRequired>true</IsRequired><Value i:type="a:ArrayOfdouble" xmlns:a="http://schemas.microsoft.com/2003/10/Serialization/Arrays"><a:double>1</a:double><a:double>1</a:double><a:double>1</a:double><a:double>1</a:double></Value></Attribute></Attributes><ChildElements/><ElementName>color</ElementName><required>false</required><RGBAAttribute z:Ref="i93"/></URDFElement><URDFElement z:Id="i94" i:type="Texture"><Attributes><Attribute z:Id="i95"><AttributeType>filename</AttributeType><IsRequired>true</IsRequired><Value i:nil="true"/></Attribute></Attributes><ChildElements/><ElementName>texture</ElementName><required>false</required><FilenameAttribute z:Ref="i95"/><wFilename/></URDFElement></ChildElements><ElementName>material</ElementName><required>false</required><Color z:Ref="i92"/><NameAttribute z:Ref="i91"/><Texture z:Ref="i94"/></URDFElement></ChildElements><ElementName>visual</ElementName><required>false</required><Geometry z:Ref="i87"/><Material z:Ref="i90"/><Origin z:Ref="i84"/></URDFElement><URDFElement z:Id="i96" i:type="Collision"><Attributes/><ChildElements><URDFElement z:Id="i97" i:type="Origin"><Attributes><Attribute z:Id="i98"><AttributeType>xyz</AttributeType><IsRequired>true</IsRequired><Value i:type="a:ArrayOfdouble" xmlns:a="http://schemas.microsoft.com/2003/10/Serialization/Arrays"><a:double>0</a:double><a:double>0</a:double><a:double>0</a:double></Value></Attribute><Attribute z:Id="i99"><AttributeType>rpy</AttributeType><IsRequired>true</IsRequired><Value i:type="a:ArrayOfdouble" xmlns:a="http://schemas.microsoft.com/2003/10/Serialization/Arrays"><a:double>0</a:double><a:double>0</a:double><a:double>0</a:double></Value></Attribute></Attributes><ChildElements/><ElementName>origin</ElementName><required>false</required><RPYAttribute z:Ref="i99"/><XYZAttribute z:Ref="i98"/><isCustomized>false</isCustomized></URDFElement><URDFElement z:Id="i100" i:type="Geometry"><Attributes/><ChildElements><URDFElement z:Id="i101" i:type="Mesh"><Attributes><Attribute z:Id="i102"><AttributeType>filename</AttributeType><IsRequired>true</IsRequired><Value i:nil="true"/></Attribute></Attributes><ChildElements/><ElementName>mesh</ElementName><required>false</required><FilenameAttribute z:Ref="i102"/></URDFElement></ChildElements><ElementName>geometry</ElementName><required>true</required><Mesh z:Ref="i101"/></URDFElement></ChildElements><ElementName>collision</ElementName><required>false</required><Geometry z:Ref="i100"/><Origin z:Ref="i97"/></URDFElement><URDFElement z:Id="i103" i:type="Joint"><Attributes><Attribute z:Id="i104"><AttributeType>name</AttributeType><IsRequired>true</IsRequired><Value i:type="a:string" xmlns:a="http://www.w3.org/2001/XMLSchema">joint1</Value></Attribute><Attribute z:Id="i105"><AttributeType>type</AttributeType><IsRequired>true</IsRequired><Value i:type="a:string" xmlns:a="http://www.w3.org/2001/XMLSchema">prismatic</Value></Attribute></Attributes><ChildElements><URDFElement z:Id="i106" i:type="Origin"><Attributes><Attribute z:Id="i107"><AttributeType>xyz</AttributeType><IsRequired>true</IsRequired><Value i:type="a:ArrayOfdouble" xmlns:a="http://schemas.microsoft.com/2003/10/Serialization/Arrays"><a:double>0</a:double><a:double>0</a:double><a:double>0</a:double></Value></Attribute><Attribute z:Id="i108"><AttributeType>rpy</AttributeType><IsRequired>true</IsRequired><Value i:type="a:ArrayOfdouble" xmlns:a="http://schemas.microsoft.com/2003/10/Serialization/Arrays"><a:double>0</a:double><a:double>0</a:double><a:double>0</a:double></Value></Attribute></Attributes><ChildElements/><ElementName>origin</ElementName><required>false</required><RPYAttribute z:Ref="i108"/><XYZAttribute z:Ref="i107"/><isCustomized>false</isCustomized></URDFElement><URDFElement z:Id="i109" i:type="ParentLink"><Attributes><Attribute z:Id="i110"><AttributeType>link</AttributeType><IsRequired>true</IsRequired><Value i:type="a:string" xmlns:a="http://www.w3.org/2001/XMLSchema"/></Attribute></Attributes><ChildElements/><ElementName>parent</ElementName><required>true</required><NameAttribute z:Ref="i110"/></URDFElement><URDFElement z:Id="i111" i:type="ChildLink"><Attributes><Attribute z:Id="i112"><AttributeType>link</AttributeType><IsRequired>true</IsRequired><Value i:type="a:string" xmlns:a="http://www.w3.org/2001/XMLSchema"/></Attribute></Attributes><ChildElements/><ElementName>child</ElementName><required>true</required><NameAttribute z:Ref="i112"/></URDFElement><URDFElement z:Id="i113" i:type="Axis"><Attributes><Attribute z:Id="i114"><AttributeType>xyz</AttributeType><IsRequired>true</IsRequired><Value i:type="a:ArrayOfdouble" xmlns:a="http://schemas.microsoft.com/2003/10/Serialization/Arrays"><a:double>0</a:double><a:double>0</a:double><a:double>0</a:double></Value></Attribute></Attributes><ChildElements/><ElementName>axis</ElementName><required>false</required><XYZAttribute z:Ref="i114"/></URDFElement><URDFElement z:Id="i115" i:type="Limit"><Attributes><Attribute z:Id="i116"><AttributeType>lower</AttributeType><IsRequired>false</IsRequired><Value i:nil="true"/></Attribute><Attribute z:Id="i117"><AttributeType>upper</AttributeType><IsRequired>false</IsRequired><Value i:nil="true"/></Attribute><Attribute z:Id="i118"><AttributeType>effort</AttributeType><IsRequired>true</IsRequired><Value i:nil="true"/></Attribute><Attribute z:Id="i119"><AttributeType>velocity</AttributeType><IsRequired>true</IsRequired><Value i:nil="true"/></Attribute></Attributes><ChildElements/><ElementName>limit</ElementName><required>false</required><EffortAttribute z:Ref="i118"/><LowerAttribute z:Ref="i116"/><UpperAttribute z:Ref="i117"/><VelocityAttribute z:Ref="i119"/></URDFElement><URDFElement z:Id="i120" i:type="Calibration"><Attributes><Attribute z:Id="i121"><AttributeType>rising</AttributeType><IsRequired>false</IsRequired><Value i:nil="true"/></Attribute><Attribute z:Id="i122"><AttributeType>falling</AttributeType><IsRequired>false</IsRequired><Value i:nil="true"/></Attribute></Attributes><ChildElements/><ElementName>calibration</ElementName><required>false</required><FallingAttribute z:Ref="i122"/><RisingAttribute z:Ref="i121"/></URDFElement><URDFElement z:Id="i123" i:type="Dynamics"><Attributes><Attribute z:Id="i124"><AttributeType>damping</AttributeType><IsRequired>false</IsRequired><Value i:nil="true"/></Attribute><Attribute z:Id="i125"><AttributeType>friction</AttributeType><IsRequired>false</IsRequired><Value i:nil="true"/></Attribute></Attributes><ChildElements/><ElementName>dynamics</ElementName><required>false</required><DampingAttribute z:Ref="i124"/><FrictionAttribute z:Ref="i125"/></URDFElement><URDFElement z:Id="i126" i:type="SafetyController"><Attributes><Attribute z:Id="i127"><AttributeType>soft_upper_limit</AttributeType><IsRequired>false</IsRequired><Value i:nil="true"/></Attribute><Attribute z:Id="i128"><AttributeType>soft_lower_limit</AttributeType><IsRequired>false</IsRequired><Value i:nil="true"/></Attribute><Attribute z:Id="i129"><AttributeType>k_position</AttributeType><IsRequired>false</IsRequired><Value i:nil="true"/></Attribute><Attribute z:Id="i130"><AttributeType>k_velocity</AttributeType><IsRequired>true</IsRequired><Value i:nil="true"/></Attribute></Attributes><ChildElements/><ElementName>safety_controller</ElementName><required>false</required><KPositionAttribute z:Ref="i129"/><KVelocityAttribute z:Ref="i130"/><SoftLowerAttribute z:Ref="i128"/><SoftUpperAttribute z:Ref="i127"/></URDFElement><URDFElement z:Id="i131" i:type="Mimic"><Attributes><Attribute z:Id="i132"><AttributeType>joint</AttributeType><IsRequired>true</IsRequired><Value i:nil="true"/></Attribute><Attribute z:Id="i133"><AttributeType>multiplier</AttributeType><IsRequired>false</IsRequired><Value i:nil="true"/></Attribute><Attribute z:Id="i134"><AttributeType>offset</AttributeType><IsRequired>false</IsRequired><Value i:nil="true"/></Attribute></Attributes><ChildElements/><ElementName>mimic</ElementName><required>false</required><JointNameAttribute z:Ref="i132"/><MultiplierAttribute z:Ref="i133"/><OffsetAttribute z:Ref="i134"/></URDFElement></ChildElements><ElementName>joint</ElementName><required>false</required><Axis z:Ref="i113"/><AxisName>?????????2</AxisName><Calibration z:Ref="i120"/><Child z:Ref="i111"/><CoordinateSystemName>?????????1</CoordinateSystemName><Dynamics z:Ref="i123"/><Limit z:Ref="i115"/><Mimic z:Ref="i131"/><NameAttribute z:Ref="i104"/><Origin z:Ref="i106"/><Parent z:Ref="i109"/><Safety z:Ref="i126"/><TypeAttribute z:Ref="i105"/></URDFElement></ChildElements><ElementName>link</ElementName><required>true</required><Children/><Collision z:Ref="i96"/><Inertial z:Ref="i70"/><Joint z:Ref="i103"/><NameAttribute z:Ref="i69"/><Parent z:Ref="i1"/><STLQualityFine>false</STLQualityFine><SWComponentPIDs xmlns:a="http://schemas.microsoft.com/2003/10/Serialization/Arrays"><a:base64Binary>mDoAAAUAAAD//v8kRwBVAEkARABFACAAUgBBAEkATABeAEEAcwBzAGUAbQAxAC4AUwBUAEUAUAAtADYAQABBAHMAcwBlAG0AMQAuAFMAVABFAFAABAAAABAAAAABAAAAAQAAAEkAAAA=</a:base64Binary><a:base64Binary>mDoAAAUAAAD//v8kRwBVAEkARABFACAAUgBBAEkATABeAEEAcwBzAGUAbQAxAC4AUwBUAEUAUAAtADcAQABBAHMAcwBlAG0AMQAuAFMAVABFAFAABAAAABAAAAABAAAAAQAAAEoAAAA=</a:base64Binary><a:base64Binary>mDoAAAUAAAD//v8kRwBVAEkARABFACAAUgBBAEkATABeAEEAcwBzAGUAbQAxAC4AUwBUAEUAUAAtADgAQABBAHMAcwBlAG0AMQAuAFMAVABFAFAABAAAABAAAAABAAAAAQAAAEsAAAA=</a:base64Binary><a:base64Binary>mDoAAAUAAAD//v8oQwBBAFYASQBUAFkAIABCAEwATwBDAEsAIAAxAF4AQQBzAHMAZQBtADEALgBTAFQARQBQAC0AMQBAAEEAcwBzAGUAbQAxAC4AUwBUAEUAUAAEAAAAEAAAAAEAAAABAAAATAAAAA==</a:base64Binary><a:base64Binary>mDoAAAUAAAD//v8oQwBBAFYASQBUAFkAIABCAEwATwBDAEsAIAAyAF4AQQBzAHMAZQBtADEALgBTAFQARQBQAC0AMQBAAEEAcwBzAGUAbQAxAC4AUwBUAEUAUAAEAAAAEAAAAAEAAAABAAAATQAAAA==</a:base64Binary><a:base64Binary>mDoAAAUAAAD//v8oQwBBAFYASQBUAFkAIABCAEwATwBDAEsAIAAyAF4AQQBzAHMAZQBtADEALgBTAFQARQBQAC0AMgBAAEEAcwBzAGUAbQAxAC4AUwBUAEUAUAAEAAAAEAAAAAEAAAABAAAATgAAAA==</a:base64Binary><a:base64Binary>mDoAAAUAAAD//v8oQwBBAFYASQBUAFkAIABCAEwATwBDAEsAIAAxAF4AQQBzAHMAZQBtADEALgBTAFQARQBQAC0AMgBAAEEAcwBzAGUAbQAxAC4AUwBUAEUAUAAEAAAAEAAAAAEAAAABAAAATwAAAA==</a:base64Binary><a:base64Binary>mDoAAAUAAAD//v8nUwBVAFAAUABPAFIAVAAgAFAATABBAFQARQBeAEEAcwBzAGUAbQAxAC4AUwBUAEUAUAAtADEAQABBAHMAcwBlAG0AMQAuAFMAVABFAFAABAAAABAAAAABAAAAAQAAAFAAAAA=</a:base64Binary><a:base64Binary>mDoAAAUAAAD//v8mQgBPAFQAVABPAE0AIABQAEwAQQBUAEUAXgBBAHMAcwBlAG0AMQAuAFMAVABFAFAALQAxAEAAQQBzAHMAZQBtADEALgBTAFQARQBQAAQAAAAQAAAAAQAAAAEAAABRAAAA</a:base64Binary><a:base64Binary>mDoAAAUAAAD//v8lUgBJAFMARQBSACAAQgBMAE8AQwBLAF4AQQBzAHMAZQBtADEALgBTAFQARQBQAC0AMQBAAEEAcwBzAGUAbQAxAC4AUwBUAEUAUAAEAAAAEAAAAAEAAAABAAAAUgAAAA==</a:base64Binary><a:base64Binary>mDoAAAUAAAD//v8lUgBJAFMARQBSACAAQgBMAE8AQwBLAF4AQQBzAHMAZQBtADEALgBTAFQARQBQAC0AMgBAAEEAcwBzAGUAbQAxAC4AUwBUAEUAUAAEAAAAEAAAAAEAAAABAAAAUwAAAA==</a:base64Binary><a:base64Binary>mDoAAAUAAAD//v8eQwBPAFIARQBeAEEAcwBzAGUAbQAxAC4AUwBUAEUAUAAtADEAQABBAHMAcwBlAG0AMQAuAFMAVABFAFAABAAAABAAAAABAAAAAQAAAFQAAAA=</a:base64Binary><a:base64Binary>mDoAAAUAAAD//v8eQwBPAFIARQBeAEEAcwBzAGUAbQAxAC4AUwBUAEUAUAAtADIAQABBAHMAcwBlAG0AMQAuAFMAVABFAFAABAAAABAAAAABAAAAAQAAAFUAAAA=</a:base64Binary><a:base64Binary>mDoAAAUAAAD//v8nRQBKACAAQgBBAEMASwAgAFAATABBAFQARQBeAEEAcwBzAGUAbQAxAC4AUwBUAEUAUAAtADEAQABBAHMAcwBlAG0AMQAuAFMAVABFAFAABAAAABAAAAABAAAAAQAAAFYAAAA=</a:base64Binary><a:base64Binary>mDoAAAUAAAD//v8iRQBKACAAUABMAEEAVABFAF4AQQBzAHMAZQBtADEALgBTAFQARQBQAC0AMQBAAEEAcwBzAGUAbQAxAC4AUwBUAEUAUAAEAAAAEAAAAAEAAAABAAAAVwAAAA==</a:base64Binary><a:base64Binary>mDoAAAUAAAD//v8oRQBKAC4AIABHAFUASQBEAEUAIABCAFUAUwBIAF4AQQBzAHMAZQBtADEALgBTAFQARQBQAC0AMQBAAEEAcwBzAGUAbQAxAC4AUwBUAEUAUAAEAAAAEAAAAAEAAAABAAAAWAAAAA==</a:base64Binary><a:base64Binary>mDoAAAUAAAD//v8rRQBKAC4AIABHAFUASQBEAEUAIABQAEkATABMAEsARQBSAF4AQQBzAHMAZQBtADEALgBTAFQARQBQAC0AMQBAAEEAcwBzAGUAbQAxAC4AUwBUAEUAUAAEAAAAEAAAAAEAAAABAAAAWQAAAA==</a:base64Binary><a:base64Binary>mDoAAAUAAAD//v8hRQBKAC4AIABQAEkATgBeAEEAcwBzAGUAbQAxAC4AUwBUAEUAUAAtADEAQABBAHMAcwBlAG0AMQAuAFMAVABFAFAABAAAABAAAAABAAAAAQAAAFoAAAA=</a:base64Binary><a:base64Binary>mDoAAAUAAAD//v8hRQBKAC4AIABQAEkATgBeAEEAcwBzAGUAbQAxAC4AUwBUAEUAUAAtADIAQABBAHMAcwBlAG0AMQAuAFMAVABFAFAABAAAABAAAAABAAAAAQAAAFsAAAA=</a:base64Binary><a:base64Binary>mDoAAAUAAAD//v8hRQBKAC4AIABQAEkATgBeAEEAcwBzAGUAbQAxAC4AUwBUAEUAUAAtADMAQABBAHMAcwBlAG0AMQAuAFMAVABFAFAABAAAABAAAAABAAAAAQAAAFwAAAA=</a:base64Binary><a:base64Binary>mDoAAAUAAAD//v8hRQBKAC4AIABQAEkATgBeAEEAcwBzAGUAbQAxAC4AUwBUAEUAUAAtADQAQABBAHMAcwBlAG0AMQAuAFMAVABFAFAABAAAABAAAAABAAAAAQAAAF0AAAA=</a:base64Binary><a:base64Binary>mDoAAAUAAAD//v8hRQBKAC4AIABQAEkATgBeAEEAcwBzAGUAbQAxAC4AUwBUAEUAUAAtADUAQABBAHMAcwBlAG0AMQAuAFMAVABFAFAABAAAABAAAAABAAAAAQAAAF4AAAA=</a:base64Binary><a:base64Binary>mDoAAAUAAAD//v8hRQBKAC4AIABQAEkATgBeAEEAcwBzAGUAbQAxAC4AUwBUAEUAUAAtADYAQABBAHMAcwBlAG0AMQAuAFMAVABFAFAABAAAABAAAAABAAAAAQAAAF8AAAA=</a:base64Binary><a:base64Binary>mDoAAAUAAAD//v8hRQBKAC4AIABQAEkATgBeAEEAcwBzAGUAbQAxAC4AUwBUAEUAUAAtADcAQABBAHMAcwBlAG0AMQAuAFMAVABFAFAABAAAABAAAAABAAAAAQAAAGAAAAA=</a:base64Binary><a:base64Binary>mDoAAAUAAAD//v8hRQBKAC4AIABQAEkATgBeAEEAcwBzAGUAbQAxAC4AUwBUAEUAUAAtADgAQABBAHMAcwBlAG0AMQAuAFMAVABFAFAABAAAABAAAAABAAAAAQAAAGEAAAA=</a:base64Binary><a:base64Binary>mDoAAAUAAAD//v8oRQBKAC4AIABHAFUASQBEAEUAIABCAFUAUwBIAF4AQQBzAHMAZQBtADEALgBTAFQARQBQAC0AMgBAAEEAcwBzAGUAbQAxAC4AUwBUAEUAUAAEAAAAEAAAAAEAAAABAAAAYgAAAA==</a:base64Binary><a:base64Binary>mDoAAAUAAAD//v8oRQBKAC4AIABHAFUASQBEAEUAIABCAFUAUwBIAF4AQQBzAHMAZQBtADEALgBTAFQARQBQAC0AMwBAAEEAcwBzAGUAbQAxAC4AUwBUAEUAUAAEAAAAEAAAAAEAAAABAAAAYwAAAA==</a:base64Binary><a:base64Binary>mDoAAAUAAAD//v8oRQBKAC4AIABHAFUASQBEAEUAIABCAFUAUwBIAF4AQQBzAHMAZQBtADEALgBTAFQARQBQAC0ANABAAEEAcwBzAGUAbQAxAC4AUwBUAEUAUAAEAAAAEAAAAAEAAAABAAAAZAAAAA==</a:base64Binary><a:base64Binary>mDoAAAUAAAD//v8rRQBKAC4AIABHAFUASQBEAEUAIABQAEkATABMAEsARQBSAF4AQQBzAHMAZQBtADEALgBTAFQARQBQAC0AMgBAAEEAcwBzAGUAbQAxAC4AUwBUAEUAUAAEAAAAEAAAAAEAAAABAAAAZQAAAA==</a:base64Binary><a:base64Binary>mDoAAAUAAAD//v8rRQBKAC4AIABHAFUASQBEAEUAIABQAEkATABMAEsARQBSAF4AQQBzAHMAZQBtADEALgBTAFQARQBQAC0AMwBAAEEAcwBzAGUAbQAxAC4AUwBUAEUAUAAEAAAAEAAAAAEAAAABAAAAZgAAAA==</a:base64Binary><a:base64Binary>mDoAAAUAAAD//v8rRQBKAC4AIABHAFUASQBEAEUAIABQAEkATABMAEsARQBSAF4AQQBzAHMAZQBtADEALgBTAFQARQBQAC0ANABAAEEAcwBzAGUAbQAxAC4AUwBUAEUAUAAEAAAAEAAAAAEAAAABAAAAZwAAAA==</a:base64Binary><a:base64Binary>mDoAAAUAAAD//v8lUwBVAFAAUABPAFIAVAAgAFIATwBEAF4AQQBzAHMAZQBtADEALgBTAFQARQBQAC0AMQBAAEEAcwBzAGUAbQAxAC4AUwBUAEUAUAAEAAAAEAAAAAEAAAABAAAAaAAAAA==</a:base64Binary><a:base64Binary>mDoAAAUAAAD//v8lUwBVAFAAUABPAFIAVAAgAFIATwBEAF4AQQBzAHMAZQBtADEALgBTAFQARQBQAC0AMgBAAEEAcwBzAGUAbQAxAC4AUwBUAEUAUAAEAAAAEAAAAAEAAAABAAAAaQAAAA==</a:base64Binary><a:base64Binary>mDoAAAUAAAD//v8lUwBVAFAAUABPAFIAVAAgAFIATwBEAF4AQQBzAHMAZQBtADEALgBTAFQARQBQAC0AMwBAAEEAcwBzAGUAbQAxAC4AUwBUAEUAUAAEAAAAEAAAAAEAAAABAAAAagAAAA==</a:base64Binary><a:base64Binary>mDoAAAUAAAD//v8lUwBVAFAAUABPAFIAVAAgAFIATwBEAF4AQQBzAHMAZQBtADEALgBTAFQARQBQAC0ANABAAEEAcwBzAGUAbQAxAC4AUwBUAEUAUAAEAAAAEAAAAAEAAAABAAAAawAAAA==</a:base64Binary><a:base64Binary>mDoAAAUAAAD//v8lUwBVAFAAUABPAFIAVAAgAFIATwBEAF4AQQBzAHMAZQBtADEALgBTAFQARQBQAC0ANQBAAEEAcwBzAGUAbQAxAC4AUwBUAEUAUAAEAAAAEAAAAAEAAAABAAAAbAAAAA==</a:base64Binary><a:base64Binary>mDoAAAUAAAD//v8lUwBVAFAAUABPAFIAVAAgAFIATwBEAF4AQQBzAHMAZQBtADEALgBTAFQARQBQAC0ANgBAAEEAcwBzAGUAbQAxAC4AUwBUAEUAUAAEAAAAEAAAAAEAAAABAAAAbQAAAA==</a:base64Binary><a:base64Binary>mDoAAAUAAAD//v8lUwBVAFAAUABPAFIAVAAgAFIATwBEAF4AQQBzAHMAZQBtADEALgBTAFQARQBQAC0ANwBAAEEAcwBzAGUAbQAxAC4AUwBUAEUAUAAEAAAAEAAAAAEAAAABAAAAbgAAAA==</a:base64Binary><a:base64Binary>mDoAAAUAAAD//v8lUwBVAFAAUABPAFIAVAAgAFIATwBEAF4AQQBzAHMAZQBtADEALgBTAFQARQBQAC0AOABAAEEAcwBzAGUAbQAxAC4AUwBUAEUAUAAEAAAAEAAAAAEAAAABAAAAbwAAAA==</a:base64Binary><a:base64Binary>mDoAAAUAAAD//v8lUwBVAFAAUABPAFIAVAAgAFIATwBEAF4AQQBzAHMAZQBtADEALgBTAFQARQBQAC0AOQBAAEEAcwBzAGUAbQAxAC4AUwBUAEUAUAAEAAAAEAAAAAEAAAABAAAAcAAAAA==</a:base64Binary><a:base64Binary>mDoAAAUAAAD//v8mUwBVAFAAUABPAFIAVAAgAFIATwBEAF4AQQBzAHMAZQBtADEALgBTAFQARQBQAC0AMQAwAEAAQQBzAHMAZQBtADEALgBTAFQARQBQAAQAAAAQAAAAAQAAAAEAAABxAAAA</a:base64Binary><a:base64Binary>mDoAAAUAAAD//v8mUwBVAFAAUABPAFIAVAAgAFIATwBEAF4AQQBzAHMAZQBtADEALgBTAFQARQBQAC0AMQAxAEAAQQBzAHMAZQBtADEALgBTAFQARQBQAAQAAAAQAAAAAQAAAAEAAAByAAAA</a:base64Binary><a:base64Binary>mDoAAAUAAAD//v8kRwBVAEkARABFACAAUgBBAEkATABeAEEAcwBzAGUAbQAxAC4AUwBUAEUAUAAtADUAQABBAHMAcwBlAG0AMQAuAFMAVABFAFAABAAAABAAAAABAAAAAQAAAEgAAAA=</a:base64Binary><a:base64Binary>mDoAAAUAAAD//v8kRwBVAEkARABFACAAUgBBAEkATABeAEEAcwBzAGUAbQAxAC4AUwBUAEUAUAAtADMAQABBAHMAcwBlAG0AMQAuAFMAVABFAFAABAAAABAAAAABAAAAAQAAAEYAAAA=</a:base64Binary><a:base64Binary>mDoAAAUAAAD//v8kRwBVAEkARABFACAAUgBBAEkATABeAEEAcwBzAGUAbQAxAC4AUwBUAEUAUAAtADQAQABBAHMAcwBlAG0AMQAuAFMAVABFAFAABAAAABAAAAABAAAAAQAAAEcAAAA=</a:base64Binary><a:base64Binary>mDoAAAUAAAD//v8kRwBVAEkARABFACAAUgBBAEkATABeAEEAcwBzAGUAbQAxAC4AUwBUAEUAUAAtADIAQABBAHMAcwBlAG0AMQAuAFMAVABFAFAABAAAABAAAAABAAAAAQAAAEUAAAA=</a:base64Binary><a:base64Binary>mDoAAAUAAAD//v8kRwBVAEkARABFACAAQgBVAFMASABeAEEAcwBzAGUAbQAxAC4AUwBUAEUAUAAtADQAQABBAHMAcwBlAG0AMQAuAFMAVABFAFAABAAAABAAAAABAAAAAQAAAEQAAAA=</a:base64Binary><a:base64Binary>mDoAAAUAAAD//v8kRwBVAEkARABFACAAQgBVAFMASABeAEEAcwBzAGUAbQAxAC4AUwBUAEUAUAAtADMAQABBAHMAcwBlAG0AMQAuAFMAVABFAFAABAAAABAAAAABAAAAAQAAAEMAAAA=</a:base64Binary><a:base64Binary>mDoAAAUAAAD//v8kRwBVAEkARABFACAAQgBVAFMASABeAEEAcwBzAGUAbQAxAC4AUwBUAEUAUAAtADIAQABBAHMAcwBlAG0AMQAuAFMAVABFAFAABAAAABAAAAABAAAAAQAAAEIAAAA=</a:base64Binary><a:base64Binary>mDoAAAUAAAD//v8kRwBVAEkARABFACAAUgBBAEkATABeAEEAcwBzAGUAbQAxAC4AUwBUAEUAUAAtADEAQABBAHMAcwBlAG0AMQAuAFMAVABFAFAABAAAABAAAAABAAAAAQAAAEEAAAA=</a:base64Binary><a:base64Binary>mDoAAAUAAAD//v8kRwBVAEkARABFACAAQgBVAFMASABeAEEAcwBzAGUAbQAxAC4AUwBUAEUAUAAtADEAQABBAHMAcwBlAG0AMQAuAFMAVABFAFAABAAAABAAAAABAAAAAQAAAEAAAAA=</a:base64Binary><a:base64Binary>mDoAAAUAAAD//v8kQwBPAFIARQAgAFAATABBAFQARQBeAEEAcwBzAGUAbQAxAC4AUwBUAEUAUAAtADEAQABBAHMAcwBlAG0AMQAuAFMAVABFAFAABAAAABAAAAABAAAAAQAAAD8AAAA=</a:base64Binary><a:base64Binary>mDoAAAUAAAD//v8hbQBvAHYAaQBuAGcAIABwAGwAYQB0AHQAZQBuAC4AUwBUAEUAUAAtADEAQABBAHMAcwBlAG0AMQAuAFMAVABFAFAABAAAABAAAAABAAAAAQAAABkAAAA=</a:base64Binary></SWComponentPIDs><SWMainComponentPID i:nil="true"/><Visual z:Ref="i83"/><isFixedFrame>false</isFixedFrame><isIncomplete>false</isIncomplete></Link></Children><Collision z:Ref="i29"/><Inertial z:Ref="i3"/><Joint z:Ref="i36"/><NameAttribute z:Ref="i2"/><Parent i:nil="true"/><STLQualityFine>false</STLQualityFine><SWComponentPIDs xmlns:a="http://schemas.microsoft.com/2003/10/Serialization/Arrays"><a:base64Binary>mDoAAAUAAAD//v8mYwB5AGwAaQBuAGQAZQByACAAZQBuAGQAXgBBAHMAcwBlAG0AMQAuAFMAVABFAFAALQAxAEAAQQBzAHMAZQBtADEALgBTAFQARQBQAAQAAAAQAAAAAQAAAAEAAABzAAAA</a:base64Binary><a:base64Binary>mDoAAAUAAAD//v8kbABpAG4AawAgADEAMAAwADgAMABeAEEAcwBzAGUAbQAxAC4AUwBUAEUAUAAtADEAQABBAHMAcwBlAG0AMQAuAFMAVABFAFAABAAAABAAAAABAAAAAQAAAHQAAAA=</a:base64Binary><a:base64Binary>mDoAAAUAAAD//v8kbABpAG4AawAgADEAMAAwADgAMABeAEEAcwBzAGUAbQAxAC4AUwBUAEUAUAAtADIAQABBAHMAcwBlAG0AMQAuAFMAVABFAFAABAAAABAAAAABAAAAAQAAAHUAAAA=</a:base64Binary><a:base64Binary>mDoAAAUAAAD//v8gbABpAG4AawAgADMAXgBBAHMAcwBlAG0AMQAuAFMAVABFAFAALQAxAEAAQQBzAHMAZQBtADEALgBTAFQARQBQAAQAAAAQAAAAAQAAAAEAAAB2AAAA</a:base64Binary><a:base64Binary>mDoAAAUAAAD//v8gbABpAG4AawAgADMAXgBBAHMAcwBlAG0AMQAuAFMAVABFAFAALQAyAEAAQQBzAHMAZQBtADEALgBTAFQARQBQAAQAAAAQAAAAAQAAAAEAAAB3AAAA</a:base64Binary><a:base64Binary>mDoAAAUAAAD//v8gbABpAG4AawAgADMAXgBBAHMAcwBlAG0AMQAuAFMAVABFAFAALQAzAEAAQQBzAHMAZQBtADEALgBTAFQARQBQAAQAAAAQAAAAAQAAAAEAAAB4AAAA</a:base64Binary><a:base64Binary>mDoAAAUAAAD//v8gbABpAG4AawAgADMAXgBBAHMAcwBlAG0AMQAuAFMAVABFAFAALQA0AEAAQQBzAHMAZQBtADEALgBTAFQARQBQAAQAAAAQAAAAAQAAAAEAAAB5AAAA</a:base64Binary><a:base64Binary>mDoAAAUAAAD//v8kbABpAG4AawAgADEAMAAwADgAMABeAEEAcwBzAGUAbQAxAC4AUwBUAEUAUAAtADMAQABBAHMAcwBlAG0AMQAuAFMAVABFAFAABAAAABAAAAABAAAAAQAAAHoAAAA=</a:base64Binary><a:base64Binary>mDoAAAUAAAD//v8kbABpAG4AawAgADEAMAAwADgAMABeAEEAcwBzAGUAbQAxAC4AUwBUAEUAUAAtADQAQABBAHMAcwBlAG0AMQAuAFMAVABFAFAABAAAABAAAAABAAAAAQAAAHsAAAA=</a:base64Binary><a:base64Binary>mDoAAAUAAAD//v8gbABpAG4AawAgADMAXgBBAHMAcwBlAG0AMQAuAFMAVABFAFAALQA1AEAAQQBzAHMAZQBtADEALgBTAFQARQBQAAQAAAAQAAAAAQAAAAEAAAB8AAAA</a:base64Binary><a:base64Binary>mDoAAAUAAAD//v8gbABpAG4AawAgADMAXgBBAHMAcwBlAG0AMQAuAFMAVABFAFAALQA2AEAAQQBzAHMAZQBtADEALgBTAFQARQBQAAQAAAAQAAAAAQAAAAEAAAB9AAAA</a:base64Binary><a:base64Binary>mDoAAAUAAAD//v8kcwBtAGEAbABsACAAbABpAG4AawBeAEEAcwBzAGUAbQAxAC4AUwBUAEUAUAAtADEAQABBAHMAcwBlAG0AMQAuAFMAVABFAFAABAAAABAAAAABAAAAAQAAAH4AAAA=</a:base64Binary><a:base64Binary>mDoAAAUAAAD//v8kcwBtAGEAbABsACAAbABpAG4AawBeAEEAcwBzAGUAbQAxAC4AUwBUAEUAUAAtADIAQABBAHMAcwBlAG0AMQAuAFMAVABFAFAABAAAABAAAAABAAAAAQAAAH8AAAA=</a:base64Binary><a:base64Binary>mDoAAAUAAAD//v8kcwBtAGEAbABsACAAbABpAG4AawBeAEEAcwBzAGUAbQAxAC4AUwBUAEUAUAAtADMAQABBAHMAcwBlAG0AMQAuAFMAVABFAFAABAAAABAAAAABAAAAAQAAAIAAAAA=</a:base64Binary><a:base64Binary>mDoAAAUAAAD//v8kcwBtAGEAbABsACAAbABpAG4AawBeAEEAcwBzAGUAbQAxAC4AUwBUAEUAUAAtADQAQABBAHMAcwBlAG0AMQAuAFMAVABFAFAABAAAABAAAAABAAAAAQAAAIEAAAA=</a:base64Binary><a:base64Binary>mDoAAAUAAAD//v8gbgBvAHoAegBsAGUAXgBBAHMAcwBlAG0AMQAuAFMAVABFAFAALQAxAEAAQQBzAHMAZQBtADEALgBTAFQARQBQAAQAAAAQAAAAAQAAAAEAAACCAAAA</a:base64Binary><a:base64Binary>mDoAAAUAAAD//v8rVwBFAEQARwBFACAAQgBMAE8AQwBLACAAUABMAEEAVABFAF4AQQBzAHMAZQBtADEALgBTAFQARQBQAC0ANABAAEEAcwBzAGUAbQAxAC4AUwBUAEUAUAAEAAAAEAAAAAEAAAABAAAAPgAAAA==</a:base64Binary><a:base64Binary>mDoAAAUAAAD//v8rVwBFAEQARwBFACAAQgBMAE8AQwBLACAAUABMAEEAVABFAF4AQQBzAHMAZQBtADEALgBTAFQARQBQAC0AMwBAAEEAcwBzAGUAbQAxAC4AUwBUAEUAUAAEAAAAEAAAAAEAAAABAAAAPQAAAA==</a:base64Binary><a:base64Binary>mDoAAAUAAAD//v8rVwBFAEQARwBFACAAQgBMAE8AQwBLACAAUABMAEEAVABFAF4AQQBzAHMAZQBtADEALgBTAFQARQBQAC0AMgBAAEEAcwBzAGUAbQAxAC4AUwBUAEUAUAAEAAAAEAAAAAEAAAABAAAAPAAAAA==</a:base64Binary><a:base64Binary>mDoAAAUAAAD//v8lVwBFAEQARwBFACAAQgBMAE8AQwBLAF4AQQBzAHMAZQBtADEALgBTAFQARQBQAC0ANABAAEEAcwBzAGUAbQAxAC4AUwBUAEUAUAAEAAAAEAAAAAEAAAABAAAAOwAAAA==</a:base64Binary><a:base64Binary>mDoAAAUAAAD//v8lVwBFAEQARwBFACAAQgBMAE8AQwBLAF4AQQBzAHMAZQBtADEALgBTAFQARQBQAC0AMwBAAEEAcwBzAGUAbQAxAC4AUwBUAEUAUAAEAAAAEAAAAAEAAAABAAAAOgAAAA==</a:base64Binary><a:base64Binary>mDoAAAUAAAD//v8lVwBFAEQARwBFACAAQgBMAE8AQwBLAF4AQQBzAHMAZQBtADEALgBTAFQARQBQAC0AMgBAAEEAcwBzAGUAbQAxAC4AUwBUAEUAUAAEAAAAEAAAAAEAAAABAAAAOQAAAA==</a:base64Binary><a:base64Binary>mDoAAAUAAAD//v8rVwBFAEQARwBFACAAQgBMAE8AQwBLACAAUABMAEEAVABFAF4AQQBzAHMAZQBtADEALgBTAFQARQBQAC0AMQBAAEEAcwBzAGUAbQAxAC4AUwBUAEUAUAAEAAAAEAAAAAEAAAABAAAAOAAAAA==</a:base64Binary><a:base64Binary>mDoAAAUAAAD//v8lVwBFAEQARwBFACAAQgBMAE8AQwBLAF4AQQBzAHMAZQBtADEALgBTAFQARQBQAC0AMQBAAEEAcwBzAGUAbQAxAC4AUwBUAEUAUAAEAAAAEAAAAAEAAAABAAAANwAAAA==</a:base64Binary><a:base64Binary>mDoAAAUAAAD//v8dQwBBAE0AXgBBAHMAcwBlAG0AMQAuAFMAVABFAFAALQA4AEAAQQBzAHMAZQBtADEALgBTAFQARQBQAAQAAAAQAAAAAQAAAAEAAAA2AAAA</a:base64Binary><a:base64Binary>mDoAAAUAAAD//v8dQwBBAE0AXgBBAHMAcwBlAG0AMQAuAFMAVABFAFAALQA3AEAAQQBzAHMAZQBtADEALgBTAFQARQBQAAQAAAAQAAAAAQAAAAEAAAA1AAAA</a:base64Binary><a:base64Binary>mDoAAAUAAAD//v8dQwBBAE0AXgBBAHMAcwBlAG0AMQAuAFMAVABFAFAALQA2AEAAQQBzAHMAZQBtADEALgBTAFQARQBQAAQAAAAQAAAAAQAAAAEAAAA0AAAA</a:base64Binary><a:base64Binary>mDoAAAUAAAD//v8dQwBBAE0AXgBBAHMAcwBlAG0AMQAuAFMAVABFAFAALQA1AEAAQQBzAHMAZQBtADEALgBTAFQARQBQAAQAAAAQAAAAAQAAAAEAAAAzAAAA</a:base64Binary><a:base64Binary>mDoAAAUAAAD//v8dQwBBAE0AXgBBAHMAcwBlAG0AMQAuAFMAVABFAFAALQA0AEAAQQBzAHMAZQBtADEALgBTAFQARQBQAAQAAAAQAAAAAQAAAAEAAAAyAAAA</a:base64Binary><a:base64Binary>mDoAAAUAAAD//v8dQwBBAE0AXgBBAHMAcwBlAG0AMQAuAFMAVABFAFAALQAzAEAAQQBzAHMAZQBtADEALgBTAFQARQBQAAQAAAAQAAAAAQAAAAEAAAAxAAAA</a:base64Binary><a:base64Binary>mDoAAAUAAAD//v8dQwBBAE0AXgBBAHMAcwBlAG0AMQAuAFMAVABFAFAALQAyAEAAQQBzAHMAZQBtADEALgBTAFQARQBQAAQAAAAQAAAAAQAAAAEAAAAwAAAA</a:base64Binary><a:base64Binary>mDoAAAUAAAD//v8kQwBBAE0AIABIAE8ATABEAEUAUgBeAEEAcwBzAGUAbQAxAC4AUwBUAEUAUAAtADgAQABBAHMAcwBlAG0AMQAuAFMAVABFAFAABAAAABAAAAABAAAAAQAAAC8AAAA=</a:base64Binary><a:base64Binary>mDoAAAUAAAD//v8kQwBBAE0AIABIAE8ATABEAEUAUgBeAEEAcwBzAGUAbQAxAC4AUwBUAEUAUAAtADcAQABBAHMAcwBlAG0AMQAuAFMAVABFAFAABAAAABAAAAABAAAAAQAAAC4AAAA=</a:base64Binary><a:base64Binary>mDoAAAUAAAD//v8kQwBBAE0AIABIAE8ATABEAEUAUgBeAEEAcwBzAGUAbQAxAC4AUwBUAEUAUAAtADYAQABBAHMAcwBlAG0AMQAuAFMAVABFAFAABAAAABAAAAABAAAAAQAAAC0AAAA=</a:base64Binary><a:base64Binary>mDoAAAUAAAD//v8kQwBBAE0AIABIAE8ATABEAEUAUgBeAEEAcwBzAGUAbQAxAC4AUwBUAEUAUAAtADUAQABBAHMAcwBlAG0AMQAuAFMAVABFAFAABAAAABAAAAABAAAAAQAAACwAAAA=</a:base64Binary><a:base64Binary>mDoAAAUAAAD//v8kQwBBAE0AIABIAE8ATABEAEUAUgBeAEEAcwBzAGUAbQAxAC4AUwBUAEUAUAAtADQAQABBAHMAcwBlAG0AMQAuAFMAVABFAFAABAAAABAAAAABAAAAAQAAACsAAAA=</a:base64Binary><a:base64Binary>mDoAAAUAAAD//v8kQwBBAE0AIABIAE8ATABEAEUAUgBeAEEAcwBzAGUAbQAxAC4AUwBUAEUAUAAtADMAQABBAHMAcwBlAG0AMQAuAFMAVABFAFAABAAAABAAAAABAAAAAQAAACoAAAA=</a:base64Binary><a:base64Binary>mDoAAAUAAAD//v8kQwBBAE0AIABIAE8ATABEAEUAUgBeAEEAcwBzAGUAbQAxAC4AUwBUAEUAUAAtADIAQABBAHMAcwBlAG0AMQAuAFMAVABFAFAABAAAABAAAAABAAAAAQAAACkAAAA=</a:base64Binary><a:base64Binary>mDoAAAUAAAD//v8mRwBVAEkARABFACAAUABJAEwATABFAFIAXgBBAHMAcwBlAG0AMQAuAFMAVABFAFAALQA0AEAAQQBzAHMAZQBtADEALgBTAFQARQBQAAQAAAAQAAAAAQAAAAEAAAAoAAAA</a:base64Binary><a:base64Binary>mDoAAAUAAAD//v8mRwBVAEkARABFACAAUABJAEwATABFAFIAXgBBAHMAcwBlAG0AMQAuAFMAVABFAFAALQAzAEAAQQBzAHMAZQBtADEALgBTAFQARQBQAAQAAAAQAAAAAQAAAAEAAAAnAAAA</a:base64Binary><a:base64Binary>mDoAAAUAAAD//v8mRwBVAEkARABFACAAUABJAEwATABFAFIAXgBBAHMAcwBlAG0AMQAuAFMAVABFAFAALQAyAEAAQQBzAHMAZQBtADEALgBTAFQARQBQAAQAAAAQAAAAAQAAAAEAAAAlAAAA</a:base64Binary><a:base64Binary>mDoAAAUAAAD//v8mRwBVAEkARABFACAAUABJAEwATABFAFIAXgBBAHMAcwBlAG0AMQAuAFMAVABFAFAALQAxAEAAQQBzAHMAZQBtADEALgBTAFQARQBQAAQAAAAQAAAAAQAAAAEAAAAkAAAA</a:base64Binary><a:base64Binary>mDoAAAUAAAD//v8mQwBBAFYASQBUAFkAIABQAEwAQQBUAEUAXgBBAHMAcwBlAG0AMQAuAFMAVABFAFAALQAxAEAAQQBzAHMAZQBtADEALgBTAFQARQBQAAQAAAAQAAAAAQAAAAEAAAAjAAAA</a:base64Binary><a:base64Binary>mDoAAAUAAAD//v8kQwBBAE0AIABIAE8ATABEAEUAUgBeAEEAcwBzAGUAbQAxAC4AUwBUAEUAUAAtADEAQABBAHMAcwBlAG0AMQAuAFMAVABFAFAABAAAABAAAAABAAAAAQAAACIAAAA=</a:base64Binary><a:base64Binary>mDoAAAUAAAD//v8dQwBBAE0AXgBBAHMAcwBlAG0AMQAuAFMAVABFAFAALQAxAEAAQQBzAHMAZQBtADEALgBTAFQARQBQAAQAAAAQAAAAAQAAAAEAAAAhAAAA</a:base64Binary><a:base64Binary>mDoAAAUAAAD//v8kUwBQAFIAVQBFACAAQgBVAFMASABeAEEAcwBzAGUAbQAxAC4AUwBUAEUAUAAtADEAQABBAHMAcwBlAG0AMQAuAFMAVABFAFAABAAAABAAAAABAAAAAQAAACAAAAA=</a:base64Binary><a:base64Binary>mDoAAAUAAAD//v8nTABPAEMAQQBUAEkATgBHACAAUgBJAE4ARwBeAEEAcwBzAGUAbQAxAC4AUwBUAEUAUAAtADEAQABBAHMAcwBlAG0AMQAuAFMAVABFAFAABAAAABAAAAABAAAAAQAAAB8AAAA=</a:base64Binary><a:base64Binary>mDoAAAUAAAD//v8jVABPAFAAIABQAEwAQQBUAEUAXgBBAHMAcwBlAG0AMQAuAFMAVABFAFAALQAxAEAAQQBzAHMAZQBtADEALgBTAFQARQBQAAQAAAAQAAAAAQAAAAEAAAAeAAAA</a:base64Binary><a:base64Binary>mDoAAAUAAAD//v8eRABPAE8AUgBeAEEAcwBzAGUAbQAxAC4AUwBUAEUAUAAtADIAQABBAHMAcwBlAG0AMQAuAFMAVABFAFAABAAAABAAAAABAAAAAQAAAB0AAAA=</a:base64Binary><a:base64Binary>mDoAAAUAAAD//v8eRABPAE8AUgBeAEEAcwBzAGUAbQAxAC4AUwBUAEUAUAAtADEAQABBAHMAcwBlAG0AMQAuAFMAVABFAFAABAAAABAAAAABAAAAAQAAABwAAAA=</a:base64Binary><a:base64Binary>mDoAAAUAAAD//v8fZgByAGEAbQBlAF4AQQBzAHMAZQBtADEALgBTAFQARQBQAC0AMQBAAEEAcwBzAGUAbQAxAC4AUwBUAEUAUAAEAAAAEAAAAAEAAAABAAAAGwAAAA==</a:base64Binary><a:base64Binary>mDoAAAUAAAD//v8kZgBpAHgAZQBkACAAYgBhAGMAawBeAEEAcwBzAGUAbQAxAC4AUwBUAEUAUAAtADEAQABBAHMAcwBlAG0AMQAuAFMAVABFAFAABAAAABAAAAABAAAAAQAAABoAAAA=</a:base64Binary><a:base64Binary>mDoAAAUAAAD//v8nZgBpAHgAZQBkACAAcABsAGEAdAB0AGUAbgBeAEEAcwBzAGUAbQAxAC4AUwBUAEUAUAAtADEAQABBAHMAcwBlAG0AMQAuAFMAVABFAFAABAAAABAAAAABAAAAAQAAABgAAAA=</a:base64Binary></SWComponentPIDs><SWMainComponentPID i:nil="true"/><Visual z:Ref="i16"/><isFixedFrame>false</isFixedFrame><isIncomplete>false</isIncomplete></Link>
2025-04-08 02:10:31,496 INFO  AssemblyExportForm.cs: 309 - Saving URDF package to C:\Users\mars\ujin_isaacsim\Assem1.STEP
2025-04-08 02:10:31,498 INFO  ExportHelper.cs: 147 - Beginning the export process
2025-04-08 02:10:31,500 INFO  ExportHelper.cs: 153 - Creating package directories with name Assem1.STEP and save path C:\Users\mars\ujin_isaacsim
2025-04-08 02:10:33,957 INFO  ExportHelper.cs: 162 - Creating CMakeLists.txt at C:\Users\mars\ujin_isaacsim\Assem1.STEP\CMakeLists.txt
2025-04-08 02:10:34,000 INFO  ExportHelper.cs: 166 - Creating joint names config at C:\Users\mars\ujin_isaacsim\Assem1.STEP\config\joint_names_Assem1.STEP.yaml
2025-04-08 02:10:34,002 INFO  ExportHelper.cs: 170 - Creating package.xml at C:\Users\mars\ujin_isaacsim\Assem1.STEP\package.xml
2025-04-08 02:10:34,002 INFO  PackageXMLWriter.cs: 21 - Creating package.xml at C:\Users\mars\ujin_isaacsim\Assem1.STEP\package.xml
2025-04-08 02:10:34,042 INFO  ExportHelper.cs: 177 - Creating RVIZ launch file in C:\Users\mars\ujin_isaacsim\Assem1.STEP\launch\
2025-04-08 02:10:34,065 INFO  ExportHelper.cs: 182 - Creating Gazebo launch file in C:\Users\mars\ujin_isaacsim\Assem1.STEP\launch\
2025-04-08 02:10:34,066 INFO  ExportHelper.cs: 187 - Saving existing STL preferences
2025-04-08 02:10:34,066 INFO  ExportHelper.cs: 450 - Saving users preferences
2025-04-08 02:10:34,067 INFO  ExportHelper.cs: 190 - Modifying STL preferences
2025-04-08 02:10:34,068 INFO  ExportHelper.cs: 464 - Setting STL preferences
2025-04-08 02:10:34,072 INFO  ExportHelper.cs: 196 - Found 0 hidden components 
2025-04-08 02:10:34,073 INFO  ExportHelper.cs: 197 - Hiding all components
2025-04-08 02:10:34,300 INFO  ExportHelper.cs: 204 - Beginning individual files export
2025-04-08 02:10:34,305 INFO  ExportHelper.cs: 270 - Exporting link: base_link
2025-04-08 02:10:34,306 INFO  ExportHelper.cs: 272 - Link base_link has 1 children
2025-04-08 02:10:34,307 INFO  ExportHelper.cs: 270 - Exporting link: molding
2025-04-08 02:10:34,307 INFO  ExportHelper.cs: 272 - Link molding has 0 children
2025-04-08 02:10:34,308 INFO  ExportHelper.cs: 317 - molding: Exporting STL with coordinate frame ÁÂÇ¥°è1
2025-04-08 02:10:34,309 INFO  ExportHelper.cs: 322 - molding: Reference geometry name 
2025-04-08 02:10:34,823 INFO  ExportHelper.cs: 330 - Saving STL to C:\Users\mars\ujin_isaacsim\Assem1.STEP\meshes\molding.STL
2025-04-08 02:10:35,841 INFO  ExportHelper.cs: 405 - Removing SW header in STL file
2025-04-08 02:10:35,842 INFO  ExportHelper.cs: 317 - base_link: Exporting STL with coordinate frame ÁÂÇ¥°è1
2025-04-08 02:10:35,842 INFO  ExportHelper.cs: 322 - base_link: Reference geometry name 
2025-04-08 02:10:36,275 INFO  ExportHelper.cs: 330 - Saving STL to C:\Users\mars\ujin_isaacsim\Assem1.STEP\meshes\base_link.STL
2025-04-08 02:10:37,366 INFO  ExportHelper.cs: 405 - Removing SW header in STL file
2025-04-08 02:10:37,367 INFO  ExportHelper.cs: 145 - Showing all components except previously hidden components
2025-04-08 02:10:38,177 INFO  ExportHelper.cs: 145 - Resetting STL preferences
2025-04-08 02:10:38,177 INFO  ExportHelper.cs: 478 - Returning STL preferences to user preferences
2025-04-08 02:10:38,178 INFO  ExportHelper.cs: 228 - Writing URDF file to C:\Users\mars\ujin_isaacsim\Assem1.STEP\urdf\Assem1.STEP.urdf
2025-04-08 02:10:38,250 INFO  CSVImportExport.cs: 32 - Writing CSV file C:\Users\mars\ujin_isaacsim\Assem1.STEP\urdf\Assem1.STEP.csv
2025-04-08 02:10:38,277 ERROR CSVImportExport.cs: 130 - The following columns were not written to the CSV: Link.Joint.ChildLink.link,
2025-04-08 02:10:38,278 ERROR CSVImportExport.cs: 130 - The following columns were not written to the CSV: Link.Joint.ChildLink.link,
2025-04-08 02:10:38,278 INFO  ExportHelper.cs: 234 - Copying log file
2025-04-08 02:10:38,281 INFO  ExportHelper.cs: 439 - Copying C:\Users\mars\sw2urdf_logs\sw2urdf.log to C:\Users\mars\ujin_isaacsim\Assem1.STEP\export.log
